Event Name,Start Date/Time,End Date/Time,Event Location,Latitude,Longitude
Softball - Adults,2024-07-27T17:00:00.000,2024-07-27T20:00:00.000,James J Walker Park: Softball-01,40.72974205,-74.00630704669005
Celebration,2024-07-07T11:00:00.000,2024-07-07T13:00:00.000,Bryant Park: Bryant Park,40.75375085,-73.98354279430387
Authors,2024-07-10T12:30:00.000,2024-07-10T13:30:00.000,Bryant Park: East 42nd Street Allee,40.75375085,-73.98354279430387
Soccer - Non Regulation,2024-07-09T10:00:00.000,2024-07-09T15:30:00.000,Wagner Playground: Soccer-01,40.7997949,-73.93487686769174
Soccer - Non Regulation,2024-07-10T08:00:00.000,2024-07-10T21:30:00.000,Tanahey Playground: Soccer-01,40.71016515,-73.99516509020711
Soccer - Non Regulation,2024-07-07T13:30:00.000,2024-07-07T16:30:00.000,James J Walker Park: Soccer-01,40.72974205,-74.00630704669005
Soccer - Non Regulation,2024-07-10T09:00:00.000,2024-07-10T13:00:00.000,James J Walker Park: Soccer-01,40.72974205,-74.00630704669005
Soccer - Non Regulation,2024-07-10T09:00:00.000,2024-07-10T23:00:00.000,"James J Walker Park: Soccer-01 ,James J Walker Park: Soccer-01 ,James J Walker Park: Soccer-01",40.72974205,-74.00630704669005
Baseball - 12 and Under (Little League),2024-07-10T08:00:00.000,2024-07-10T21:00:00.000,"James J Walker Park: Softball-01 ,James J Walker Park: Softball-01",40.72974205,-74.00630704669005
Movie Nights,2024-07-08T16:00:00.000,2024-07-08T23:00:00.000,Bryant Park: Lawn,40.75375085,-73.98354279430387
Soccer - Non Regulation,2024-07-07T10:30:00.000,2024-07-07T13:00:00.000,Tanahey Playground: Soccer-01,40.71016515,-73.99516509020711
StoryTime,2024-07-09T10:30:00.000,2024-07-09T11:30:00.000,Bryant Park: East 42nd Street Allee,40.75375085,-73.98354279430387
Soccer - Non Regulation,2024-07-07T18:00:00.000,2024-07-07T21:00:00.000,Tanahey Playground: Soccer-01,40.71016515,-73.99516509020711
Celebration,2024-07-08T11:00:00.000,2024-07-08T12:00:00.000,Bryant Park: Le Carrousel,40.75375085,-73.98354279430387
Baseball - 12 and Under (Little League),2024-07-10T09:00:00.000,2024-07-10T17:00:00.000,James J Walker Park: Softball-01,40.72974205,-74.00630704669005
Soccer - Non Regulation,2024-07-09T17:30:00.000,2024-07-09T21:30:00.000,Tanahey Playground: Soccer-01,40.71016515,-73.99516509020711
Upper Terrace Yoga,2024-07-09T10:00:00.000,2024-07-09T11:00:00.000,Bryant Park: Upper Terrace,40.75375085,-73.98354279430387
Soccer - Non Regulation,2024-07-09T14:30:00.000,2024-07-09T17:00:00.000,"James J Walker Park: Soccer-01 ,James J Walker Park: Soccer-01",40.72974205,-74.00630704669005
Soccer - Non Regulation,2024-07-08T09:00:00.000,2024-07-08T15:00:00.000,Tanahey Playground: Soccer-01,40.71016515,-73.99516509020711
Soccer - Non Regulation,2024-07-07T17:00:00.000,2024-07-07T19:30:00.000,Wagner Playground: Soccer-01,40.7997949,-73.93487686769174
Soccer - Non Regulation,2024-07-07T20:30:00.000,2024-07-07T23:00:00.000,James J Walker Park: Soccer-01,40.72974205,-74.00630704669005
BookClub,2024-07-09T13:00:00.000,2024-07-09T14:00:00.000,Bryant Park: East 42nd Street Allee,40.75375085,-73.98354279430387
Softball (Little league),2024-07-07T08:00:00.000,2024-07-07T12:30:00.000,Wagner Playground: Softball-01,40.7997949,-73.93487686769174
Soccer - Non Regulation,2024-07-08T18:00:00.000,2024-07-08T20:00:00.000,Tanahey Playground: Soccer-01,40.71016515,-73.99516509020711
Soccer - Non Regulation,2024-07-10T09:00:00.000,2024-07-10T15:00:00.000,Tanahey Playground: Soccer-01,40.71016515,-73.99516509020711
Live After Dark,2024-07-09T20:00:00.000,2024-07-09T21:30:00.000,Bryant Park: SW Porch,40.75375085,-73.98354279430387
Baseball - 12 and Under (Little League),2024-07-08T08:00:00.000,2024-07-08T19:00:00.000,"James J Walker Park: Softball-01 ,Corlears Hook Park: Softball-01",40.72974205,-74.00630704669005
Soccer - Non Regulation,2024-07-10T08:00:00.000,2024-07-10T20:00:00.000,Tanahey Playground: Soccer-01,40.71016515,-73.99516509020711
Celebration,2024-07-08T12:30:00.000,2024-07-08T13:30:00.000,Bryant Park: East 42nd Street Allee,40.75375085,-73.98354279430387
Soccer - Non Regulation,2024-07-09T09:00:00.000,2024-07-09T15:00:00.000,Tanahey Playground: Soccer-01,40.71016515,-73.99516509020711
Tai Chi,2024-07-09T07:30:00.000,2024-07-09T08:30:00.000,Bryant Park: Fountain Terrace,40.75375085,-73.98354279430387
Soccer - Non Regulation,2024-07-07T17:00:00.000,2024-07-07T19:00:00.000,James J Walker Park: Soccer-01,40.72974205,-74.00630704669005
Soccer - Non Regulation,2024-07-07T09:00:00.000,2024-07-07T22:00:00.000,James J Walker Park: Soccer-01,40.72974205,-74.00630704669005
Miscellaneous,2024-07-09T15:30:00.000,2024-07-09T17:00:00.000,Wagner Playground: Soccer-01,40.7997949,-73.93487686769174
Soccer - Non Regulation,2024-07-08T09:00:00.000,2024-07-08T15:00:00.000,Tanahey Playground: Soccer-01,40.71016515,-73.99516509020711
Soccer - Non Regulation,2024-07-08T10:00:00.000,2024-07-08T15:30:00.000,Wagner Playground: Soccer-01,40.7997949,-73.93487686769174
Soccer - Non Regulation,2024-07-09T08:00:00.000,2024-07-09T21:30:00.000,Tanahey Playground: Soccer-01,40.71016515,-73.99516509020711
Soccer - Non Regulation,2024-07-07T19:00:00.000,2024-07-07T21:00:00.000,James J Walker Park: Soccer-01,40.72974205,-74.00630704669005
Soccer - Non Regulation,2024-07-10T10:00:00.000,2024-07-10T15:30:00.000,Wagner Playground: Soccer-01,40.7997949,-73.93487686769174
Baseball - 12 and Under (Little League),2024-07-08T09:00:00.000,2024-07-08T17:00:00.000,James J Walker Park: Softball-01,40.72974205,-74.00630704669005
Soccer - Non Regulation,2024-07-07T09:00:00.000,2024-07-07T13:00:00.000,Tanahey Playground: Soccer-01,40.71016515,-73.99516509020711
Poetry,2024-07-09T18:00:00.000,2024-07-09T19:30:00.000,Bryant Park: East 42nd Street Allee,40.75375085,-73.98354279430387
Soccer - Non Regulation,2024-07-10T09:00:00.000,2024-07-10T15:00:00.000,Tanahey Playground: Soccer-01,40.71016515,-73.99516509020711
Soccer - Non Regulation,2024-07-09T09:00:00.000,2024-07-09T15:00:00.000,Tanahey Playground: Soccer-01,40.71016515,-73.99516509020711
Soccer - Non Regulation,2024-07-07T12:00:00.000,2024-07-07T21:00:00.000,"Tanahey Playground: Soccer-01 ,Robert Moses Playground: Soccer-01",40.71016515,-73.99516509020711
Soccer - Non Regulation,2024-07-07T09:00:00.000,2024-07-07T23:00:00.000,"James J Walker Park: Soccer-01 ,James J Walker Park: Soccer-01 ,James J Walker Park: Soccer-01",40.72974205,-74.00630704669005
Soccer - Non Regulation,2024-07-07T13:00:00.000,2024-07-07T16:00:00.000,Tanahey Playground: Soccer-01,40.71016515,-73.99516509020711
Soccer - Non Regulation,2024-07-08T20:30:00.000,2024-07-08T23:00:00.000,James J Walker Park: Soccer-01,40.72974205,-74.00630704669005
Soccer - Non Regulation,2024-07-07T15:00:00.000,2024-07-07T19:00:00.000,Tanahey Playground: Soccer-01,40.71016515,-73.99516509020711
Soccer - Non Regulation,2024-07-09T18:00:00.000,2024-07-09T20:00:00.000,Tanahey Playground: Soccer-01,40.71016515,-73.99516509020711
Soccer - Non Regulation,2024-07-08T08:00:00.000,2024-07-08T21:30:00.000,Tanahey Playground: Soccer-01,40.71016515,-73.99516509020711
Petanque Tournaments,2024-07-07T09:00:00.000,2024-07-07T18:00:00.000,Bryant Park: Petanque Court,40.75375085,-73.98354279430387
Baseball - 12 and Under (Little League),2024-07-09T09:00:00.000,2024-07-09T17:00:00.000,James J Walker Park: Softball-01,40.72974205,-74.00630704669005
Softball - Adults,2024-07-08T19:00:00.000,2024-07-08T21:00:00.000,James J Walker Park: Softball-01,40.72974205,-74.00630704669005
Baseball - 12 and Under (Little League),2024-07-09T08:00:00.000,2024-07-09T21:00:00.000,"James J Walker Park: Softball-01 ,James J Walker Park: Softball-01",40.72974205,-74.00630704669005
Soccer - Non Regulation,2024-07-07T08:00:00.000,2024-07-07T11:00:00.000,"James J Walker Park: Soccer-01 ,Frederick Douglass Playground: Soccer-01 ,James J Walker Park: Soccer-01",40.72974205,-74.00630704669005
Soccer - Non Regulation,2024-07-09T09:30:00.000,2024-07-09T11:00:00.000,James J Walker Park: Soccer-01B,40.72974205,-74.00630704669005
Celebration,2024-07-10T11:00:00.000,2024-07-10T12:00:00.000,Bryant Park: Le Carrousel,40.75375085,-73.98354279430387
Soccer - Non Regulation,2024-07-09T18:00:00.000,2024-07-09T20:00:00.000,Wagner Playground: Soccer-01,40.7997949,-73.93487686769174
Soccer -Regulation,2024-07-09T21:00:00.000,2024-07-09T23:00:00.000,James J Walker Park: Soccer-01,40.72974205,-74.00630704669005
Soccer - Non Regulation,2024-07-11T08:00:00.000,2024-07-11T21:30:00.000,Tanahey Playground: Soccer-01,40.71016515,-73.99516509020711
Soccer - Non Regulation,2024-07-11T09:00:00.000,2024-07-11T15:00:00.000,Tanahey Playground: Soccer-01,40.71016515,-73.99516509020711
Baseball - 12 and Under (Little League),2024-07-12T08:00:00.000,2024-07-12T19:00:00.000,"James J Walker Park: Softball-01 ,Corlears Hook Park: Softball-01",40.72974205,-74.00630704669005
Writers Workshop,2024-07-11T18:30:00.000,2024-07-11T20:00:00.000,Bryant Park: East 42nd Street Allee,40.75375085,-73.98354279430387
Soccer - Non Regulation,2024-07-11T08:00:00.000,2024-07-11T21:30:00.000,Tanahey Playground: Soccer-01,40.71016515,-73.99516509020711
Softball (Little league),2024-07-11T16:00:00.000,2024-07-11T19:00:00.000,James J Walker Park: Softball-01,40.72974205,-74.00630704669005
Lawn Yoga,2024-07-10T16:00:00.000,2024-07-10T20:00:00.000,Bryant Park: Lawn,40.75375085,-73.98354279430387
Soccer - Non Regulation,2024-07-10T14:30:00.000,2024-07-10T17:00:00.000,"James J Walker Park: Soccer-01 ,James J Walker Park: Soccer-01",40.72974205,-74.00630704669005
Softball - Adults,2024-07-10T18:00:00.000,2024-07-10T20:30:00.000,Wagner Playground: Softball-01,40.7997949,-73.93487686769174
Boxing,2024-07-11T18:00:00.000,2024-07-11T19:00:00.000,Bryant Park: Fountain Terrace,40.75375085,-73.98354279430387
Soccer - Non Regulation,2024-07-11T18:00:00.000,2024-07-11T20:00:00.000,"Wagner Playground: Soccer-01 ,Wagner Playground: Soccer-01 ,Wagner Playground: Soccer-01",40.7997949,-73.93487686769174
Softball - Adults,2024-07-11T18:00:00.000,2024-07-11T20:30:00.000,Wagner Playground: Softball-01,40.7997949,-73.93487686769174
Baseball - 12 and Under (Little League),2024-07-11T09:00:00.000,2024-07-11T17:00:00.000,James J Walker Park: Softball-01,40.72974205,-74.00630704669005
Soccer - Non Regulation,2024-07-11T12:00:00.000,2024-07-11T21:00:00.000,"Tanahey Playground: Soccer-01 ,Robert Moses Playground: Soccer-01",40.71016515,-73.99516509020711
Live After Dark,2024-07-10T20:00:00.000,2024-07-10T21:30:00.000,Bryant Park: SW Porch,40.75375085,-73.98354279430387
Miscellaneous,2024-07-11T15:30:00.000,2024-07-11T17:00:00.000,Wagner Playground: Soccer-01,40.7997949,-73.93487686769174
Soccer - Non Regulation,2024-07-12T10:00:00.000,2024-07-12T15:30:00.000,Wagner Playground: Soccer-01,40.7997949,-73.93487686769174
Non-Fiction,2024-07-10T19:00:00.000,2024-07-10T20:30:00.000,Bryant Park: East 42nd Street Allee,40.75375085,-73.98354279430387
KnittingWWKIP Day,2024-07-10T13:30:00.000,2024-07-10T15:00:00.000,Bryant Park: East 42nd Street Allee,40.75375085,-73.98354279430387
Soccer - Non Regulation,2024-07-11T18:00:00.000,2024-07-11T22:00:00.000,"James J Walker Park: Soccer-01 ,James J Walker Park: Soccer-01 ,James J Walker Park: Soccer-01",40.72974205,-74.00630704669005
Baseball - 12 and Under (Little League),2024-07-12T09:00:00.000,2024-07-12T17:00:00.000,James J Walker Park: Softball-01,40.72974205,-74.00630704669005
Soccer -Regulation,2024-07-11T21:00:00.000,2024-07-11T23:00:00.000,James J Walker Park: Soccer-01,40.72974205,-74.00630704669005
Broadway in Bryant Park,2024-07-11T12:30:00.000,2024-07-11T13:30:00.000,Bryant Park: Lawn,40.75375085,-73.98354279430387
Soccer - Non Regulation,2024-07-27T14:00:00.000,2024-07-27T16:30:00.000,Wagner Playground: Soccer-01,40.7997949,-73.93487686769174
Soccer - Non Regulation,2024-07-11T10:00:00.000,2024-07-11T15:30:00.000,Wagner Playground: Soccer-01,40.7997949,-73.93487686769174
Softball - Adults,2024-07-11T19:00:00.000,2024-07-11T21:00:00.000,James J Walker Park: Softball-01,40.72974205,-74.00630704669005
Soccer - Non Regulation,2024-07-12T09:00:00.000,2024-07-12T15:00:00.000,Tanahey Playground: Soccer-01,40.71016515,-73.99516509020711
Picnic Performances,2024-07-12T17:00:00.000,2024-07-12T22:00:00.000,Bryant Park: Lawn,40.75375085,-73.98354279430387
Soccer - Non Regulation,2024-07-11T09:00:00.000,2024-07-11T15:00:00.000,Tanahey Playground: Soccer-01,40.71016515,-73.99516509020711
Celebration,2024-07-12T11:00:00.000,2024-07-12T12:00:00.000,Bryant Park: Le Carrousel,40.75375085,-73.98354279430387
Soccer - Non Regulation,2024-07-12T09:00:00.000,2024-07-12T15:00:00.000,Tanahey Playground: Soccer-01,40.71016515,-73.99516509020711
Baseball - 12 and Under (Little League),2024-07-11T17:00:00.000,2024-07-11T20:30:00.000,James J Walker Park: Softball-01,40.72974205,-74.00630704669005
Soccer - Non Regulation,2024-07-11T17:30:00.000,2024-07-11T21:30:00.000,Tanahey Playground: Soccer-01,40.71016515,-73.99516509020711
Soccer - Non Regulation,2024-07-12T18:00:00.000,2024-07-12T20:00:00.000,"Wagner Playground: Soccer-01 ,Wagner Playground: Soccer-01 ,Wagner Playground: Soccer-01",40.7997949,-73.93487686769174
Miscellaneous,2024-07-12T19:00:00.000,2024-07-12T23:00:00.000,"James J Walker Park: Soccer-01 ,James J Walker Park: Soccer-01 ,James J Walker Park: Soccer-01",40.72974205,-74.00630704669005
Celebration,2024-07-13T12:00:00.000,2024-07-13T16:00:00.000,Bryant Park: Fountain Terrace,40.75375085,-73.98354279430387
Soccer - Non Regulation,2024-07-12T17:30:00.000,2024-07-12T21:30:00.000,Tanahey Playground: Soccer-01,40.71016515,-73.99516509020711
Soccer - Non Regulation,2024-07-12T19:00:00.000,2024-07-12T21:30:00.000,Tanahey Playground: Soccer-01,40.71016515,-73.99516509020711
Baseball - 12 and Under (Little League),2024-07-12T17:00:00.000,2024-07-12T20:30:00.000,James J Walker Park: Softball-01,40.72974205,-74.00630704669005
Soccer - Non Regulation,2024-07-13T08:00:00.000,2024-07-13T21:30:00.000,Tanahey Playground: Soccer-01,40.71016515,-73.99516509020711
Soccer - Non Regulation,2024-07-12T18:00:00.000,2024-07-12T21:00:00.000,James J Walker Park: Soccer-01,40.72974205,-74.00630704669005
Soccer - Non Regulation,2024-07-13T10:00:00.000,2024-07-13T12:00:00.000,"Tanahey Playground: Soccer-01 ,Columbus Park: Soccer-01",40.71016515,-73.99516509020711
Soccer - Non Regulation,2024-07-13T11:00:00.000,2024-07-13T13:00:00.000,Tanahey Playground: Soccer-01,40.71016515,-73.99516509020711
Miscellaneous,2024-07-12T15:30:00.000,2024-07-12T17:00:00.000,Wagner Playground: Soccer-01,40.7997949,-73.93487686769174
Softball - Adults,2024-07-12T18:00:00.000,2024-07-12T20:30:00.000,Wagner Playground: Softball-01,40.7997949,-73.93487686769174
Soccer - Non Regulation,2024-07-13T09:00:00.000,2024-07-13T23:00:00.000,"James J Walker Park: Soccer-01 ,James J Walker Park: Soccer-01 ,James J Walker Park: Soccer-01",40.72974205,-74.00630704669005
Soccer - Non Regulation,2024-07-13T08:00:00.000,2024-07-13T11:00:00.000,"James J Walker Park: Soccer-01 ,Frederick Douglass Playground: Soccer-01 ,James J Walker Park: Soccer-01",40.72974205,-74.00630704669005
Softball (Little league),2024-07-13T08:00:00.000,2024-07-13T14:00:00.000,Wagner Playground: Softball-01,40.7997949,-73.93487686769174
Moves with Limon,2024-07-13T10:00:00.000,2024-07-13T11:00:00.000,Bryant Park: Lawn,40.75375085,-73.98354279430387
Celebration,2024-07-13T12:00:00.000,2024-07-13T13:30:00.000,Bryant Park: East 42nd Street Allee,40.75375085,-73.98354279430387
Soccer - Non Regulation,2024-07-13T16:00:00.000,2024-07-13T18:00:00.000,Tanahey Playground: Soccer-01,40.71016515,-73.99516509020711
Softball - Adults,2024-07-13T18:00:00.000,2024-07-13T21:00:00.000,"James J Walker Park: Softball-01 ,James J Walker Park: Softball-01 ,James J Walker Park: Softball-01",40.72974205,-74.00630704669005
Soccer - Non Regulation,2024-07-13T13:00:00.000,2024-07-13T16:00:00.000,Tanahey Playground: Soccer-01,40.71016515,-73.99516509020711
Softball (Little league),2024-07-14T08:00:00.000,2024-07-14T12:30:00.000,Wagner Playground: Softball-01,40.7997949,-73.93487686769174
Soccer - Non Regulation,2024-07-14T08:00:00.000,2024-07-14T11:00:00.000,"James J Walker Park: Soccer-01 ,Frederick Douglass Playground: Soccer-01 ,James J Walker Park: Soccer-01",40.72974205,-74.00630704669005
Soccer - Non Regulation,2024-07-13T12:00:00.000,2024-07-13T21:00:00.000,"Tanahey Playground: Soccer-01 ,Robert Moses Playground: Soccer-01",40.71016515,-73.99516509020711
Soccer - Non Regulation,2024-07-13T13:00:00.000,2024-07-13T16:00:00.000,Tanahey Playground: Soccer-01,40.71016515,-73.99516509020711
Chess Tournaments,2024-07-14T10:00:00.000,2024-07-14T17:00:00.000,Bryant Park: Fountain Terrace,40.75375085,-73.98354279430387
Soccer - Non Regulation,2024-07-14T09:00:00.000,2024-07-14T13:00:00.000,Tanahey Playground: Soccer-01,40.71016515,-73.99516509020711
Softball - Adults,2024-07-13T18:00:00.000,2024-07-13T22:00:00.000,James J Walker Park: Softball-01,40.72974205,-74.00630704669005
Soccer - Non Regulation,2024-07-14T10:30:00.000,2024-07-14T13:00:00.000,Tanahey Playground: Soccer-01,40.71016515,-73.99516509020711
Celebration,2024-07-14T12:00:00.000,2024-07-14T13:30:00.000,Bryant Park: East 42nd Street Allee,40.75375085,-73.98354279430387
Soccer - Non Regulation,2024-07-14T09:00:00.000,2024-07-14T23:00:00.000,"James J Walker Park: Soccer-01 ,James J Walker Park: Soccer-01 ,James J Walker Park: Soccer-01",40.72974205,-74.00630704669005
Soccer - Non Regulation,2024-07-14T15:00:00.000,2024-07-14T19:00:00.000,Tanahey Playground: Soccer-01,40.71016515,-73.99516509020711
Soccer - Non Regulation,2024-07-15T09:00:00.000,2024-07-15T15:00:00.000,Tanahey Playground: Soccer-01,40.71016515,-73.99516509020711
Baseball - 12 and Under (Little League),2024-07-15T09:00:00.000,2024-07-15T17:00:00.000,James J Walker Park: Softball-01,40.72974205,-74.00630704669005
Baseball - 12 and Under (Little League),2024-07-15T08:00:00.000,2024-07-15T19:00:00.000,"James J Walker Park: Softball-01 ,Corlears Hook Park: Softball-01",40.72974205,-74.00630704669005
Soccer - Non Regulation,2024-07-14T13:30:00.000,2024-07-14T16:30:00.000,James J Walker Park: Soccer-01,40.72974205,-74.00630704669005
Soccer - Non Regulation,2024-07-14T19:00:00.000,2024-07-14T21:00:00.000,James J Walker Park: Soccer-01,40.72974205,-74.00630704669005
Soccer - Non Regulation,2024-07-14T18:00:00.000,2024-07-14T21:00:00.000,Tanahey Playground: Soccer-01,40.71016515,-73.99516509020711
Soccer - Non Regulation,2024-07-15T10:00:00.000,2024-07-15T15:30:00.000,Wagner Playground: Soccer-01,40.7997949,-73.93487686769174
Soccer - Non Regulation,2024-07-14T12:00:00.000,2024-07-14T21:00:00.000,"Tanahey Playground: Soccer-01 ,Robert Moses Playground: Soccer-01",40.71016515,-73.99516509020711
Soccer - Non Regulation,2024-07-14T17:00:00.000,2024-07-14T19:00:00.000,James J Walker Park: Soccer-01,40.72974205,-74.00630704669005
Soccer - Non Regulation,2024-07-14T17:00:00.000,2024-07-14T19:30:00.000,Wagner Playground: Soccer-01,40.7997949,-73.93487686769174
Soccer - Non Regulation,2024-07-14T20:30:00.000,2024-07-14T23:00:00.000,James J Walker Park: Soccer-01,40.72974205,-74.00630704669005
Soccer - Non Regulation,2024-07-15T08:00:00.000,2024-07-15T21:30:00.000,Tanahey Playground: Soccer-01,40.71016515,-73.99516509020711
Soccer - Non Regulation,2024-07-14T13:00:00.000,2024-07-14T16:00:00.000,Tanahey Playground: Soccer-01,40.71016515,-73.99516509020711
Celebration,2024-07-15T11:00:00.000,2024-07-15T12:00:00.000,Bryant Park: Le Carrousel,40.75375085,-73.98354279430387
Basketball,2024-07-08T10:00:00.000,2024-07-08T21:00:00.000,"Samuel N. Bennerson 2nd Playground: Basketball-01 ,Samuel N. Bennerson 2nd Playground: Basketball-01",40.7738043,-73.98697586605957
Soccer - Non Regulation,2024-07-15T09:00:00.000,2024-07-15T15:00:00.000,Tanahey Playground: Soccer-01,40.71016515,-73.99516509020711
Celebration,2024-07-15T12:30:00.000,2024-07-15T13:30:00.000,Bryant Park: East 42nd Street Allee,40.75375085,-73.98354279430387
Soccer - Non Regulation,2024-07-16T09:00:00.000,2024-07-16T15:00:00.000,Tanahey Playground: Soccer-01,40.71016515,-73.99516509020711
Soccer - Non Regulation,2024-07-15T18:00:00.000,2024-07-15T20:00:00.000,Tanahey Playground: Soccer-01,40.71016515,-73.99516509020711
Baseball - 12 and Under (Little League),2024-07-16T09:00:00.000,2024-07-16T17:00:00.000,James J Walker Park: Softball-01,40.72974205,-74.00630704669005
Soccer - Non Regulation,2024-07-16T08:00:00.000,2024-07-16T21:30:00.000,Tanahey Playground: Soccer-01,40.71016515,-73.99516509020711
Soccer - Non Regulation,2024-07-16T10:00:00.000,2024-07-16T15:30:00.000,Wagner Playground: Soccer-01,40.7997949,-73.93487686769174
Tai Chi,2024-07-16T07:30:00.000,2024-07-16T08:30:00.000,Bryant Park: Fountain Terrace,40.75375085,-73.98354279430387
Soccer - Non Regulation,2024-07-15T18:00:00.000,2024-07-15T22:00:00.000,"James J Walker Park: Soccer-01 ,James J Walker Park: Soccer-01 ,James J Walker Park: Soccer-01",40.72974205,-74.00630704669005
Soccer - Non Regulation,2024-07-16T09:00:00.000,2024-07-16T22:00:00.000,James J Walker Park: Soccer-01,40.72974205,-74.00630704669005
Soccer - Non Regulation,2024-07-15T20:30:00.000,2024-07-15T23:00:00.000,James J Walker Park: Soccer-01,40.72974205,-74.00630704669005
Soccer - Non Regulation,2024-07-16T09:00:00.000,2024-07-16T15:00:00.000,Tanahey Playground: Soccer-01,40.71016515,-73.99516509020711
Basketball,2024-07-16T10:00:00.000,2024-07-16T21:00:00.000,"Samuel N. Bennerson 2nd Playground: Basketball-01 ,Samuel N. Bennerson 2nd Playground: Basketball-01",40.7738043,-73.98697586605957
Movie Nights,2024-07-15T16:00:00.000,2024-07-15T23:00:00.000,Bryant Park: Lawn,40.75375085,-73.98354279430387
Softball - Adults,2024-07-15T19:00:00.000,2024-07-15T21:00:00.000,James J Walker Park: Softball-01,40.72974205,-74.00630704669005
Soccer - Non Regulation,2024-07-16T09:30:00.000,2024-07-16T11:00:00.000,James J Walker Park: Soccer-01B,40.72974205,-74.00630704669005
StoryTime,2024-07-16T10:30:00.000,2024-07-16T11:30:00.000,Bryant Park: East 42nd Street Allee,40.75375085,-73.98354279430387
Books For Broadway,2024-07-16T12:30:00.000,2024-07-16T13:30:00.000,Bryant Park: East 42nd Street Allee,40.75375085,-73.98354279430387
Upper Terrace Yoga,2024-07-16T10:00:00.000,2024-07-16T11:00:00.000,Bryant Park: Upper Terrace,40.75375085,-73.98354279430387
Soccer - Non Regulation,2024-07-16T08:00:00.000,2024-07-16T22:00:00.000,James J Walker Park: Soccer-01,40.72974205,-74.00630704669005
Basketball,2024-07-17T10:00:00.000,2024-07-17T21:00:00.000,"Samuel N. Bennerson 2nd Playground: Basketball-01 ,Samuel N. Bennerson 2nd Playground: Basketball-01",40.7738043,-73.98697586605957
Authors,2024-07-17T12:30:00.000,2024-07-17T13:30:00.000,Bryant Park: East 42nd Street Allee,40.75375085,-73.98354279430387
Soccer - Non Regulation,2024-07-17T09:00:00.000,2024-07-17T15:00:00.000,Tanahey Playground: Soccer-01,40.71016515,-73.99516509020711
Soccer - Non Regulation,2024-07-17T09:00:00.000,2024-07-17T13:00:00.000,James J Walker Park: Soccer-01,40.72974205,-74.00630704669005
Soccer - Non Regulation,2024-07-16T18:00:00.000,2024-07-16T20:00:00.000,Tanahey Playground: Soccer-01,40.71016515,-73.99516509020711
Baseball - 12 and Under (Little League),2024-07-17T09:00:00.000,2024-07-17T17:00:00.000,James J Walker Park: Softball-01,40.72974205,-74.00630704669005
Poetry,2024-07-16T18:00:00.000,2024-07-16T19:30:00.000,Bryant Park: East 42nd Street Allee,40.75375085,-73.98354279430387
Baseball - 12 and Under (Little League),2024-07-17T08:00:00.000,2024-07-17T21:00:00.000,"James J Walker Park: Softball-01 ,James J Walker Park: Softball-01",40.72974205,-74.00630704669005
Baseball - 12 and Under (Little League),2024-07-16T17:00:00.000,2024-07-16T20:30:00.000,James J Walker Park: Softball-01,40.72974205,-74.00630704669005
Live After Dark,2024-07-16T20:00:00.000,2024-07-16T21:30:00.000,Bryant Park: SW Porch,40.75375085,-73.98354279430387
Soccer - Non Regulation,2024-07-16T14:30:00.000,2024-07-16T17:00:00.000,"James J Walker Park: Soccer-01 ,James J Walker Park: Soccer-01",40.72974205,-74.00630704669005
Soccer -Regulation,2024-07-16T21:00:00.000,2024-07-16T23:00:00.000,James J Walker Park: Soccer-01,40.72974205,-74.00630704669005
Soccer - Non Regulation,2024-07-17T08:00:00.000,2024-07-17T21:30:00.000,Tanahey Playground: Soccer-01,40.71016515,-73.99516509020711
Soccer - Non Regulation,2024-07-17T10:00:00.000,2024-07-17T15:30:00.000,Wagner Playground: Soccer-01,40.7997949,-73.93487686769174
Celebration,2024-07-17T11:00:00.000,2024-07-17T12:00:00.000,Bryant Park: Le Carrousel,40.75375085,-73.98354279430387
Soccer - Non Regulation,2024-07-17T09:00:00.000,2024-07-17T23:00:00.000,"James J Walker Park: Soccer-01 ,James J Walker Park: Soccer-01 ,James J Walker Park: Soccer-01",40.72974205,-74.00630704669005
Soccer - Non Regulation,2024-07-17T09:00:00.000,2024-07-17T15:00:00.000,Tanahey Playground: Soccer-01,40.71016515,-73.99516509020711
Soccer - Non Regulation,2024-07-16T17:30:00.000,2024-07-16T21:30:00.000,Tanahey Playground: Soccer-01,40.71016515,-73.99516509020711
Miscellaneous,2024-07-16T15:30:00.000,2024-07-16T17:00:00.000,Wagner Playground: Soccer-01,40.7997949,-73.93487686769174
Soccer - Non Regulation,2024-07-17T08:00:00.000,2024-07-17T20:00:00.000,Tanahey Playground: Soccer-01,40.71016515,-73.99516509020711
Soccer - Non Regulation,2024-07-16T18:00:00.000,2024-07-16T20:00:00.000,Wagner Playground: Soccer-01,40.7997949,-73.93487686769174
Broadway in Bryant Park,2024-07-18T12:30:00.000,2024-07-18T13:30:00.000,Bryant Park: Lawn,40.75375085,-73.98354279430387
KnittingWWKIP Day,2024-07-17T13:30:00.000,2024-07-17T15:00:00.000,Bryant Park: East 42nd Street Allee,40.75375085,-73.98354279430387
Soccer - Non Regulation,2024-07-18T08:00:00.000,2024-07-18T21:30:00.000,Tanahey Playground: Soccer-01,40.71016515,-73.99516509020711
Soccer - Non Regulation,2024-07-18T10:00:00.000,2024-07-18T15:30:00.000,Wagner Playground: Soccer-01,40.7997949,-73.93487686769174
Live After Dark,2024-07-17T20:00:00.000,2024-07-17T21:30:00.000,Bryant Park: SW Porch,40.75375085,-73.98354279430387
Non-Fiction,2024-07-17T19:00:00.000,2024-07-17T20:30:00.000,Bryant Park: East 42nd Street Allee,40.75375085,-73.98354279430387
Baseball - 12 and Under (Little League),2024-07-18T09:00:00.000,2024-07-18T17:00:00.000,James J Walker Park: Softball-01,40.72974205,-74.00630704669005
Softball - Adults,2024-07-17T18:00:00.000,2024-07-17T20:30:00.000,Wagner Playground: Softball-01,40.7997949,-73.93487686769174
Soccer - Non Regulation,2024-07-18T09:00:00.000,2024-07-18T15:00:00.000,Tanahey Playground: Soccer-01,40.71016515,-73.99516509020711
Soccer - Non Regulation,2024-07-17T14:30:00.000,2024-07-17T17:00:00.000,"James J Walker Park: Soccer-01 ,James J Walker Park: Soccer-01",40.72974205,-74.00630704669005
Soccer - Non Regulation,2024-07-18T08:00:00.000,2024-07-18T21:30:00.000,Tanahey Playground: Soccer-01,40.71016515,-73.99516509020711
Lawn Yoga,2024-07-17T16:00:00.000,2024-07-17T20:00:00.000,Bryant Park: Lawn,40.75375085,-73.98354279430387
Soccer - Non Regulation,2024-07-18T09:00:00.000,2024-07-18T15:00:00.000,Tanahey Playground: Soccer-01,40.71016515,-73.99516509020711
Baseball - 12 and Under (Little League),2024-07-19T09:00:00.000,2024-07-19T17:00:00.000,James J Walker Park: Softball-01,40.72974205,-74.00630704669005
Soccer - Non Regulation,2024-07-19T09:00:00.000,2024-07-19T15:00:00.000,Tanahey Playground: Soccer-01,40.71016515,-73.99516509020711
Miscellaneous,2024-07-18T15:30:00.000,2024-07-18T17:00:00.000,Wagner Playground: Soccer-01,40.7997949,-73.93487686769174
Picnic Performances,2024-07-19T17:00:00.000,2024-07-19T22:00:00.000,Bryant Park: Lawn,40.75375085,-73.98354279430387
Beekeeping Lectures,2024-07-19T12:00:00.000,2024-07-19T13:00:00.000,Bryant Park: East 42nd Street Allee,40.75375085,-73.98354279430387
Softball - Adults,2024-07-16T17:00:00.000,2024-07-16T18:00:00.000,James J Walker Park: Softball-01,40.72974205,-74.00630704669005
Basketball,2024-07-08T08:00:00.000,2024-07-08T20:00:00.000,St Nicholas Park: Arlington Edinboro Playground-Basketball-01,40.8172902,-73.94903635052356
Soccer -Regulation,2024-07-18T21:00:00.000,2024-07-18T23:00:00.000,James J Walker Park: Soccer-01,40.72974205,-74.00630704669005
Soccer - Non Regulation,2024-07-18T17:30:00.000,2024-07-18T21:30:00.000,Tanahey Playground: Soccer-01,40.71016515,-73.99516509020711
Celebration,2024-07-19T11:00:00.000,2024-07-19T12:00:00.000,Bryant Park: Le Carrousel,40.75375085,-73.98354279430387
Soccer - Non Regulation,2024-07-19T10:00:00.000,2024-07-19T15:30:00.000,Wagner Playground: Soccer-01,40.7997949,-73.93487686769174
Writers Workshop,2024-07-18T18:30:00.000,2024-07-18T20:00:00.000,Bryant Park: East 42nd Street Allee,40.75375085,-73.98354279430387
Soccer - Non Regulation,2024-07-19T09:00:00.000,2024-07-19T15:00:00.000,Tanahey Playground: Soccer-01,40.71016515,-73.99516509020711
Soccer - Non Regulation,2024-07-18T18:00:00.000,2024-07-18T22:00:00.000,"James J Walker Park: Soccer-01 ,James J Walker Park: Soccer-01 ,James J Walker Park: Soccer-01",40.72974205,-74.00630704669005
Boxing,2024-07-18T18:00:00.000,2024-07-18T19:00:00.000,Bryant Park: Fountain Terrace,40.75375085,-73.98354279430387
Softball - Adults,2024-07-18T19:00:00.000,2024-07-18T21:00:00.000,James J Walker Park: Softball-01,40.72974205,-74.00630704669005
Softball (Little league),2024-07-18T16:00:00.000,2024-07-18T19:00:00.000,James J Walker Park: Softball-01,40.72974205,-74.00630704669005
Soccer - Non Regulation,2024-07-18T18:00:00.000,2024-07-18T20:00:00.000,"Wagner Playground: Soccer-01 ,Wagner Playground: Soccer-01 ,Wagner Playground: Soccer-01",40.7997949,-73.93487686769174
Softball - Adults,2024-07-18T18:00:00.000,2024-07-18T20:30:00.000,Wagner Playground: Softball-01,40.7997949,-73.93487686769174
Baseball - 12 and Under (Little League),2024-07-18T17:00:00.000,2024-07-18T20:30:00.000,James J Walker Park: Softball-01,40.72974205,-74.00630704669005
Baseball - 12 and Under (Little League),2024-07-19T08:00:00.000,2024-07-19T19:00:00.000,"James J Walker Park: Softball-01 ,Corlears Hook Park: Softball-01",40.72974205,-74.00630704669005
Soccer - Non Regulation,2024-07-18T12:00:00.000,2024-07-18T21:00:00.000,"Tanahey Playground: Soccer-01 ,Robert Moses Playground: Soccer-01",40.71016515,-73.99516509020711
Basketball,2024-07-20T08:00:00.000,2024-07-20T20:00:00.000,St Nicholas Park: Arlington Edinboro Playground-Basketball-01,40.8172902,-73.94903635052356
Baseball - 12 and Under (Little League),2024-07-19T17:00:00.000,2024-07-19T20:30:00.000,James J Walker Park: Softball-01,40.72974205,-74.00630704669005
Miscellaneous,2024-07-19T15:30:00.000,2024-07-19T17:00:00.000,Wagner Playground: Soccer-01,40.7997949,-73.93487686769174
Soccer - Non Regulation,2024-07-20T08:00:00.000,2024-07-20T21:30:00.000,Tanahey Playground: Soccer-01,40.71016515,-73.99516509020711
Soccer - Non Regulation,2024-07-19T19:00:00.000,2024-07-19T21:30:00.000,Tanahey Playground: Soccer-01,40.71016515,-73.99516509020711
Soccer - Non Regulation,2024-07-20T08:00:00.000,2024-07-20T11:00:00.000,"James J Walker Park: Soccer-01 ,Frederick Douglass Playground: Soccer-01 ,James J Walker Park: Soccer-01",40.72974205,-74.00630704669005
Celebration,2024-07-20T12:00:00.000,2024-07-20T13:30:00.000,Bryant Park: East 42nd Street Allee,40.75375085,-73.98354279430387
Soccer - Non Regulation,2024-07-20T10:00:00.000,2024-07-20T12:00:00.000,"Tanahey Playground: Soccer-01 ,Columbus Park: Soccer-01",40.71016515,-73.99516509020711
Softball - Adults,2024-07-19T18:00:00.000,2024-07-19T20:30:00.000,Wagner Playground: Softball-01,40.7997949,-73.93487686769174
Miscellaneous,2024-07-19T19:00:00.000,2024-07-19T23:00:00.000,"James J Walker Park: Soccer-01 ,James J Walker Park: Soccer-01 ,James J Walker Park: Soccer-01",40.72974205,-74.00630704669005
Celebration,2024-07-20T12:00:00.000,2024-07-20T16:00:00.000,Bryant Park: Fountain Terrace,40.75375085,-73.98354279430387
Soccer - Non Regulation,2024-07-19T17:30:00.000,2024-07-19T21:30:00.000,Tanahey Playground: Soccer-01,40.71016515,-73.99516509020711
Soccer - Non Regulation,2024-07-20T09:00:00.000,2024-07-20T23:00:00.000,"James J Walker Park: Soccer-01 ,James J Walker Park: Soccer-01 ,James J Walker Park: Soccer-01",40.72974205,-74.00630704669005
Moves with Limon,2024-07-20T10:00:00.000,2024-07-20T11:00:00.000,Bryant Park: Lawn,40.75375085,-73.98354279430387
Softball (Little league),2024-07-20T08:00:00.000,2024-07-20T14:00:00.000,Wagner Playground: Softball-01,40.7997949,-73.93487686769174
Soccer - Non Regulation,2024-07-19T18:00:00.000,2024-07-19T21:00:00.000,James J Walker Park: Soccer-01,40.72974205,-74.00630704669005
Soccer - Non Regulation,2024-07-20T11:00:00.000,2024-07-20T13:00:00.000,Tanahey Playground: Soccer-01,40.71016515,-73.99516509020711
Soccer - Non Regulation,2024-07-19T18:00:00.000,2024-07-19T20:00:00.000,"Wagner Playground: Soccer-01 ,Wagner Playground: Soccer-01 ,Wagner Playground: Soccer-01",40.7997949,-73.93487686769174
Softball - Adults,2024-07-20T18:00:00.000,2024-07-20T21:00:00.000,"James J Walker Park: Softball-01 ,James J Walker Park: Softball-01 ,James J Walker Park: Softball-01",40.72974205,-74.00630704669005
Soccer - Non Regulation,2024-07-21T09:00:00.000,2024-07-21T13:00:00.000,Tanahey Playground: Soccer-01,40.71016515,-73.99516509020711
Basketball,2024-07-21T08:00:00.000,2024-07-21T20:00:00.000,St Nicholas Park: Arlington Edinboro Playground-Basketball-01,40.8172902,-73.94903635052356
Softball - Adults,2024-07-20T18:00:00.000,2024-07-20T22:00:00.000,James J Walker Park: Softball-01,40.72974205,-74.00630704669005
Celebration,2024-07-21T12:00:00.000,2024-07-21T13:30:00.000,Bryant Park: East 42nd Street Allee,40.75375085,-73.98354279430387
Soccer - Non Regulation,2024-07-20T13:00:00.000,2024-07-20T16:00:00.000,Tanahey Playground: Soccer-01,40.71016515,-73.99516509020711
Soccer - Non Regulation,2024-07-20T12:00:00.000,2024-07-20T21:00:00.000,"Tanahey Playground: Soccer-01 ,Robert Moses Playground: Soccer-01",40.71016515,-73.99516509020711
Softball (Little league),2024-07-21T08:00:00.000,2024-07-21T12:30:00.000,Wagner Playground: Softball-01,40.7997949,-73.93487686769174
Soccer - Non Regulation,2024-07-21T09:00:00.000,2024-07-21T23:00:00.000,"James J Walker Park: Soccer-01 ,James J Walker Park: Soccer-01 ,James J Walker Park: Soccer-01",40.72974205,-74.00630704669005
Soccer - Non Regulation,2024-07-21T08:00:00.000,2024-07-21T11:00:00.000,"James J Walker Park: Soccer-01 ,Frederick Douglass Playground: Soccer-01 ,James J Walker Park: Soccer-01",40.72974205,-74.00630704669005
Soccer - Non Regulation,2024-07-20T13:00:00.000,2024-07-20T16:00:00.000,Tanahey Playground: Soccer-01,40.71016515,-73.99516509020711
Soccer - Non Regulation,2024-07-21T10:30:00.000,2024-07-21T13:00:00.000,Tanahey Playground: Soccer-01,40.71016515,-73.99516509020711
Soccer - Non Regulation,2024-07-21T19:00:00.000,2024-07-21T21:00:00.000,James J Walker Park: Soccer-01,40.72974205,-74.00630704669005
Soccer - Non Regulation,2024-07-21T20:30:00.000,2024-07-21T23:00:00.000,James J Walker Park: Soccer-01,40.72974205,-74.00630704669005
Soccer - Non Regulation,2024-07-21T17:00:00.000,2024-07-21T19:30:00.000,Wagner Playground: Soccer-01,40.7997949,-73.93487686769174
Soccer - Non Regulation,2024-07-22T08:00:00.000,2024-07-22T21:30:00.000,Tanahey Playground: Soccer-01,40.71016515,-73.99516509020711
Soccer - Non Regulation,2024-07-22T09:00:00.000,2024-07-22T15:00:00.000,Tanahey Playground: Soccer-01,40.71016515,-73.99516509020711
Soccer - Non Regulation,2024-07-21T13:30:00.000,2024-07-21T16:30:00.000,James J Walker Park: Soccer-01,40.72974205,-74.00630704669005
Soccer - Non Regulation,2024-07-22T10:00:00.000,2024-07-22T15:30:00.000,Wagner Playground: Soccer-01,40.7997949,-73.93487686769174
Soccer - Non Regulation,2024-07-21T13:00:00.000,2024-07-21T16:00:00.000,Tanahey Playground: Soccer-01,40.71016515,-73.99516509020711
Soccer - Non Regulation,2024-07-21T17:00:00.000,2024-07-21T19:00:00.000,James J Walker Park: Soccer-01,40.72974205,-74.00630704669005
Soccer - Non Regulation,2024-07-22T09:00:00.000,2024-07-22T15:00:00.000,Tanahey Playground: Soccer-01,40.71016515,-73.99516509020711
Celebration,2024-07-22T11:00:00.000,2024-07-22T12:00:00.000,Bryant Park: Le Carrousel,40.75375085,-73.98354279430387
Soccer - Non Regulation,2024-07-21T18:00:00.000,2024-07-21T21:00:00.000,Tanahey Playground: Soccer-01,40.71016515,-73.99516509020711
Baseball - 12 and Under (Little League),2024-07-22T09:00:00.000,2024-07-22T17:00:00.000,James J Walker Park: Softball-01,40.72974205,-74.00630704669005
Soccer - Non Regulation,2024-07-21T12:00:00.000,2024-07-21T21:00:00.000,"Tanahey Playground: Soccer-01 ,Robert Moses Playground: Soccer-01",40.71016515,-73.99516509020711
Soccer - Non Regulation,2024-07-21T15:00:00.000,2024-07-21T19:00:00.000,Tanahey Playground: Soccer-01,40.71016515,-73.99516509020711
Basketball,2024-07-22T08:00:00.000,2024-07-22T20:00:00.000,St Nicholas Park: Arlington Edinboro Playground-Basketball-01,40.8172902,-73.94903635052356
Baseball - 12 and Under (Little League),2024-07-22T08:00:00.000,2024-07-22T19:00:00.000,"James J Walker Park: Softball-01 ,Corlears Hook Park: Softball-01",40.72974205,-74.00630704669005
Basketball,2024-07-23T08:00:00.000,2024-07-23T20:00:00.000,St Nicholas Park: Arlington Edinboro Playground-Basketball-01,40.8172902,-73.94903635052356
Soccer - Non Regulation,2024-07-22T20:30:00.000,2024-07-22T23:00:00.000,James J Walker Park: Soccer-01,40.72974205,-74.00630704669005
Softball - Adults,2024-07-22T19:00:00.000,2024-07-22T21:00:00.000,James J Walker Park: Softball-01,40.72974205,-74.00630704669005
Soccer - Non Regulation,2024-07-22T18:00:00.000,2024-07-22T20:00:00.000,Tanahey Playground: Soccer-01,40.71016515,-73.99516509020711
Upper Terrace Yoga,2024-07-23T10:00:00.000,2024-07-23T11:00:00.000,Bryant Park: Upper Terrace,40.75375085,-73.98354279430387
Baseball - 12 and Under (Little League),2024-07-23T09:00:00.000,2024-07-23T17:00:00.000,James J Walker Park: Softball-01,40.72974205,-74.00630704669005
Baseball - 12 and Under (Little League),2024-07-23T08:00:00.000,2024-07-23T21:00:00.000,"James J Walker Park: Softball-01 ,James J Walker Park: Softball-01",40.72974205,-74.00630704669005
Movie Nights,2024-07-22T16:00:00.000,2024-07-22T23:00:00.000,Bryant Park: Lawn,40.75375085,-73.98354279430387
Soccer - Non Regulation,2024-07-23T10:00:00.000,2024-07-23T15:30:00.000,Wagner Playground: Soccer-01,40.7997949,-73.93487686769174
BookClub,2024-07-23T13:00:00.000,2024-07-23T14:00:00.000,Bryant Park: East 42nd Street Allee,40.75375085,-73.98354279430387
StoryTime,2024-07-23T10:30:00.000,2024-07-23T11:30:00.000,Bryant Park: East 42nd Street Allee,40.75375085,-73.98354279430387
Soccer - Non Regulation,2024-07-23T08:00:00.000,2024-07-23T21:30:00.000,Tanahey Playground: Soccer-01,40.71016515,-73.99516509020711
Soccer - Non Regulation,2024-07-22T18:00:00.000,2024-07-22T22:00:00.000,"James J Walker Park: Soccer-01 ,James J Walker Park: Soccer-01 ,James J Walker Park: Soccer-01",40.72974205,-74.00630704669005
Tai Chi,2024-07-23T07:30:00.000,2024-07-23T08:30:00.000,Bryant Park: Fountain Terrace,40.75375085,-73.98354279430387
Soccer - Non Regulation,2024-07-23T09:00:00.000,2024-07-23T15:00:00.000,Tanahey Playground: Soccer-01,40.71016515,-73.99516509020711
Soccer - Non Regulation,2024-07-23T09:30:00.000,2024-07-23T11:00:00.000,James J Walker Park: Soccer-01B,40.72974205,-74.00630704669005
Celebration,2024-07-22T12:30:00.000,2024-07-22T13:30:00.000,Bryant Park: East 42nd Street Allee,40.75375085,-73.98354279430387
Soccer - Non Regulation,2024-07-23T09:00:00.000,2024-07-23T15:00:00.000,Tanahey Playground: Soccer-01,40.71016515,-73.99516509020711
Soccer - Non Regulation,2024-07-24T09:00:00.000,2024-07-24T15:00:00.000,Tanahey Playground: Soccer-01,40.71016515,-73.99516509020711
Soccer - Non Regulation,2024-07-23T18:00:00.000,2024-07-23T20:00:00.000,Wagner Playground: Soccer-01,40.7997949,-73.93487686769174
Soccer - Non Regulation,2024-07-24T10:00:00.000,2024-07-24T15:30:00.000,Wagner Playground: Soccer-01,40.7997949,-73.93487686769174
Soccer -Regulation,2024-07-23T21:00:00.000,2024-07-23T23:00:00.000,James J Walker Park: Soccer-01,40.72974205,-74.00630704669005
Soccer - Non Regulation,2024-07-23T17:30:00.000,2024-07-23T21:30:00.000,Tanahey Playground: Soccer-01,40.71016515,-73.99516509020711
Soccer - Non Regulation,2024-07-23T18:00:00.000,2024-07-23T20:00:00.000,Tanahey Playground: Soccer-01,40.71016515,-73.99516509020711
Baseball - 12 and Under (Little League),2024-07-24T08:00:00.000,2024-07-24T21:00:00.000,"James J Walker Park: Softball-01 ,James J Walker Park: Softball-01",40.72974205,-74.00630704669005
Poetry,2024-07-23T18:00:00.000,2024-07-23T19:30:00.000,Bryant Park: East 42nd Street Allee,40.75375085,-73.98354279430387
Soccer - Non Regulation,2024-07-23T14:30:00.000,2024-07-23T17:00:00.000,"James J Walker Park: Soccer-01 ,James J Walker Park: Soccer-01",40.72974205,-74.00630704669005
Soccer - Non Regulation,2024-07-24T08:00:00.000,2024-07-24T20:00:00.000,Tanahey Playground: Soccer-01,40.71016515,-73.99516509020711
Miscellaneous,2024-07-23T15:30:00.000,2024-07-23T17:00:00.000,Wagner Playground: Soccer-01,40.7997949,-73.93487686769174
Baseball - 12 and Under (Little League),2024-07-24T09:00:00.000,2024-07-24T17:00:00.000,James J Walker Park: Softball-01,40.72974205,-74.00630704669005
Soccer - Non Regulation,2024-07-24T09:00:00.000,2024-07-24T15:00:00.000,Tanahey Playground: Soccer-01,40.71016515,-73.99516509020711
Soccer - Non Regulation,2024-07-24T08:00:00.000,2024-07-24T21:30:00.000,Tanahey Playground: Soccer-01,40.71016515,-73.99516509020711
Soccer - Non Regulation,2024-07-24T09:00:00.000,2024-07-24T13:00:00.000,James J Walker Park: Soccer-01,40.72974205,-74.00630704669005
Basketball,2024-07-24T08:00:00.000,2024-07-24T20:00:00.000,St Nicholas Park: Arlington Edinboro Playground-Basketball-01,40.8172902,-73.94903635052356
Live After Dark,2024-07-23T20:00:00.000,2024-07-23T21:30:00.000,Bryant Park: SW Porch,40.75375085,-73.98354279430387
Authors,2024-07-24T12:30:00.000,2024-07-24T13:30:00.000,Bryant Park: East 42nd Street Allee,40.75375085,-73.98354279430387
Soccer - Non Regulation,2024-07-24T09:00:00.000,2024-07-24T23:00:00.000,"James J Walker Park: Soccer-01 ,James J Walker Park: Soccer-01 ,James J Walker Park: Soccer-01",40.72974205,-74.00630704669005
Celebration,2024-07-24T11:00:00.000,2024-07-24T12:00:00.000,Bryant Park: Le Carrousel,40.75375085,-73.98354279430387
Live After Dark,2024-07-24T20:00:00.000,2024-07-24T21:30:00.000,Bryant Park: SW Porch,40.75375085,-73.98354279430387
KnittingWWKIP Day,2024-07-24T13:30:00.000,2024-07-24T15:00:00.000,Bryant Park: East 42nd Street Allee,40.75375085,-73.98354279430387
Basketball,2024-07-25T08:00:00.000,2024-07-25T20:00:00.000,St Nicholas Park: Arlington Edinboro Playground-Basketball-01,40.8172902,-73.94903635052356
Non-Fiction,2024-07-24T19:00:00.000,2024-07-24T20:30:00.000,Bryant Park: East 42nd Street Allee,40.75375085,-73.98354279430387
Soccer - Non Regulation,2024-07-25T09:00:00.000,2024-07-25T15:00:00.000,Tanahey Playground: Soccer-01,40.71016515,-73.99516509020711
Soccer - Non Regulation,2024-07-25T10:00:00.000,2024-07-25T15:30:00.000,Wagner Playground: Soccer-01,40.7997949,-73.93487686769174
Soccer - Non Regulation,2024-07-25T09:00:00.000,2024-07-25T15:00:00.000,Tanahey Playground: Soccer-01,40.71016515,-73.99516509020711
Softball - Adults,2024-07-24T18:00:00.000,2024-07-24T20:30:00.000,Wagner Playground: Softball-01,40.7997949,-73.93487686769174
Soccer - Non Regulation,2024-07-25T08:00:00.000,2024-07-25T21:30:00.000,Tanahey Playground: Soccer-01,40.71016515,-73.99516509020711
Soccer - Non Regulation,2024-07-25T08:00:00.000,2024-07-25T21:30:00.000,Tanahey Playground: Soccer-01,40.71016515,-73.99516509020711
Broadway in Bryant Park,2024-07-25T12:30:00.000,2024-07-25T13:30:00.000,Bryant Park: Lawn,40.75375085,-73.98354279430387
Soccer - Non Regulation,2024-07-24T14:30:00.000,2024-07-24T17:00:00.000,"James J Walker Park: Soccer-01 ,James J Walker Park: Soccer-01",40.72974205,-74.00630704669005
Lawn Yoga,2024-07-24T16:00:00.000,2024-07-24T20:00:00.000,Bryant Park: Lawn,40.75375085,-73.98354279430387
Baseball - 12 and Under (Little League),2024-07-25T09:00:00.000,2024-07-25T17:00:00.000,James J Walker Park: Softball-01,40.72974205,-74.00630704669005
Picnic Performances,2024-07-26T17:00:00.000,2024-07-26T22:00:00.000,Bryant Park: Lawn,40.75375085,-73.98354279430387
Moves with Limon,2024-07-27T10:00:00.000,2024-07-27T11:00:00.000,Bryant Park: Lawn,40.75375085,-73.98354279430387
Soccer - Non Regulation,2024-07-25T18:00:00.000,2024-07-25T22:00:00.000,"James J Walker Park: Soccer-01 ,James J Walker Park: Soccer-01 ,James J Walker Park: Soccer-01",40.72974205,-74.00630704669005
Soccer - Non Regulation,2024-07-25T18:00:00.000,2024-07-25T20:00:00.000,"Wagner Playground: Soccer-01 ,Wagner Playground: Soccer-01 ,Wagner Playground: Soccer-01",40.7997949,-73.93487686769174
Basketball,2024-07-27T10:00:00.000,2024-07-27T12:00:00.000,"Tanahey Playground: Basketball-02 ,Tanahey Playground: Basketball-03",40.71016515,-73.99516509020711
Soccer - Non Regulation,2024-07-27T08:00:00.000,2024-07-27T21:30:00.000,Tanahey Playground: Soccer-01,40.71016515,-73.99516509020711
Soccer -Regulation,2024-07-25T21:00:00.000,2024-07-25T23:00:00.000,James J Walker Park: Soccer-01,40.72974205,-74.00630704669005
Softball - Adults,2024-07-26T18:00:00.000,2024-07-26T20:30:00.000,Wagner Playground: Softball-01,40.7997949,-73.93487686769174
Soccer - Non Regulation,2024-07-27T10:00:00.000,2024-07-27T12:00:00.000,"Tanahey Playground: Soccer-01 ,Columbus Park: Soccer-01",40.71016515,-73.99516509020711
Softball - Adults,2024-07-25T18:00:00.000,2024-07-25T20:30:00.000,Wagner Playground: Softball-01,40.7997949,-73.93487686769174
Baseball - 12 and Under (Little League),2024-07-26T17:00:00.000,2024-07-26T20:30:00.000,James J Walker Park: Softball-01,40.72974205,-74.00630704669005
Miscellaneous,2024-07-25T15:30:00.000,2024-07-25T17:00:00.000,Wagner Playground: Soccer-01,40.7997949,-73.93487686769174
Basketball,2024-07-27T08:00:00.000,2024-07-27T20:00:00.000,St Nicholas Park: Arlington Edinboro Playground-Basketball-01,40.8172902,-73.94903635052356
Celebration,2024-07-26T11:00:00.000,2024-07-26T12:00:00.000,Bryant Park: Le Carrousel,40.75375085,-73.98354279430387
Baseball - 12 and Under (Little League),2024-07-26T08:00:00.000,2024-07-26T19:00:00.000,"James J Walker Park: Softball-01 ,Corlears Hook Park: Softball-01",40.72974205,-74.00630704669005
Soccer - Non Regulation,2024-07-26T19:00:00.000,2024-07-26T21:30:00.000,Tanahey Playground: Soccer-01,40.71016515,-73.99516509020711
Soccer - Non Regulation,2024-07-25T17:30:00.000,2024-07-25T21:30:00.000,Tanahey Playground: Soccer-01,40.71016515,-73.99516509020711
Soccer - Non Regulation,2024-07-27T08:00:00.000,2024-07-27T11:00:00.000,"James J Walker Park: Soccer-01 ,Frederick Douglass Playground: Soccer-01 ,James J Walker Park: Soccer-01",40.72974205,-74.00630704669005
Writers Workshop,2024-07-25T18:30:00.000,2024-07-25T20:00:00.000,Bryant Park: East 42nd Street Allee,40.75375085,-73.98354279430387
Soccer - Non Regulation,2024-07-26T17:30:00.000,2024-07-26T21:30:00.000,Tanahey Playground: Soccer-01,40.71016515,-73.99516509020711
Soccer - Non Regulation,2024-07-27T09:00:00.000,2024-07-27T23:00:00.000,"James J Walker Park: Soccer-01 ,James J Walker Park: Soccer-01 ,James J Walker Park: Soccer-01",40.72974205,-74.00630704669005
Basketball,2024-07-26T08:00:00.000,2024-07-26T20:00:00.000,St Nicholas Park: Arlington Edinboro Playground-Basketball-01,40.8172902,-73.94903635052356
Soccer - Non Regulation,2024-07-26T18:00:00.000,2024-07-26T20:00:00.000,"Wagner Playground: Soccer-01 ,Wagner Playground: Soccer-01 ,Wagner Playground: Soccer-01",40.7997949,-73.93487686769174
Baseball - 12 and Under (Little League),2024-07-25T17:00:00.000,2024-07-25T20:30:00.000,James J Walker Park: Softball-01,40.72974205,-74.00630704669005
Miscellaneous,2024-07-26T15:30:00.000,2024-07-26T17:00:00.000,Wagner Playground: Soccer-01,40.7997949,-73.93487686769174
Boxing,2024-07-25T18:00:00.000,2024-07-25T19:00:00.000,Bryant Park: Fountain Terrace,40.75375085,-73.98354279430387
Celebration,2024-07-27T12:00:00.000,2024-07-27T13:30:00.000,Bryant Park: East 42nd Street Allee,40.75375085,-73.98354279430387
Softball (Little league),2024-07-27T08:00:00.000,2024-07-27T14:00:00.000,Wagner Playground: Softball-01,40.7997949,-73.93487686769174
Soccer - Non Regulation,2024-07-25T12:00:00.000,2024-07-25T21:00:00.000,"Tanahey Playground: Soccer-01 ,Robert Moses Playground: Soccer-01",40.71016515,-73.99516509020711
Celebration,2024-07-27T12:00:00.000,2024-07-27T16:00:00.000,Bryant Park: Fountain Terrace,40.75375085,-73.98354279430387
Soccer - Non Regulation,2024-07-26T18:00:00.000,2024-07-26T21:00:00.000,James J Walker Park: Soccer-01,40.72974205,-74.00630704669005
Soccer - Non Regulation,2024-07-26T10:00:00.000,2024-07-26T15:30:00.000,Wagner Playground: Soccer-01,40.7997949,-73.93487686769174
Miscellaneous,2024-07-26T19:00:00.000,2024-07-26T23:00:00.000,"James J Walker Park: Soccer-01 ,James J Walker Park: Soccer-01 ,James J Walker Park: Soccer-01",40.72974205,-74.00630704669005
Soccer - Non Regulation,2024-07-26T09:00:00.000,2024-07-26T15:00:00.000,Tanahey Playground: Soccer-01,40.71016515,-73.99516509020711
Softball - Adults,2024-07-25T19:00:00.000,2024-07-25T21:00:00.000,James J Walker Park: Softball-01,40.72974205,-74.00630704669005
Softball (Little league),2024-07-25T16:00:00.000,2024-07-25T19:00:00.000,James J Walker Park: Softball-01,40.72974205,-74.00630704669005
Soccer - Non Regulation,2024-07-26T09:00:00.000,2024-07-26T15:00:00.000,Tanahey Playground: Soccer-01,40.71016515,-73.99516509020711
Baseball - 12 and Under (Little League),2024-07-26T09:00:00.000,2024-07-26T17:00:00.000,James J Walker Park: Softball-01,40.72974205,-74.00630704669005
Soccer - Non Regulation,2024-07-27T11:00:00.000,2024-07-27T13:00:00.000,Tanahey Playground: Soccer-01,40.71016515,-73.99516509020711
Soccer - Non Regulation,2024-07-28T10:30:00.000,2024-07-28T13:00:00.000,Tanahey Playground: Soccer-01,40.71016515,-73.99516509020711
Soccer - Non Regulation,2024-07-28T08:00:00.000,2024-07-28T11:00:00.000,"James J Walker Park: Soccer-01 ,Frederick Douglass Playground: Soccer-01 ,James J Walker Park: Soccer-01",40.72974205,-74.00630704669005
Softball (Little league),2024-07-28T08:00:00.000,2024-07-28T12:30:00.000,Wagner Playground: Softball-01,40.7997949,-73.93487686769174
Celebration,2024-07-28T12:00:00.000,2024-07-28T13:30:00.000,Bryant Park: East 42nd Street Allee,40.75375085,-73.98354279430387
Soccer - Non Regulation,2024-07-27T13:00:00.000,2024-07-27T16:00:00.000,Tanahey Playground: Soccer-01,40.71016515,-73.99516509020711
Basketball,2024-07-28T08:00:00.000,2024-07-28T20:00:00.000,St Nicholas Park: Arlington Edinboro Playground-Basketball-01,40.8172902,-73.94903635052356
Soccer - Non Regulation,2024-07-27T13:00:00.000,2024-07-27T16:00:00.000,Tanahey Playground: Soccer-01,40.71016515,-73.99516509020711
Soccer - Non Regulation,2024-07-28T09:00:00.000,2024-07-28T13:00:00.000,Tanahey Playground: Soccer-01,40.71016515,-73.99516509020711
Soccer - Non Regulation,2024-07-27T12:00:00.000,2024-07-27T21:00:00.000,"Tanahey Playground: Soccer-01 ,Robert Moses Playground: Soccer-01",40.71016515,-73.99516509020711
Soccer - Non Regulation,2024-07-28T09:00:00.000,2024-07-28T23:00:00.000,"James J Walker Park: Soccer-01 ,James J Walker Park: Soccer-01 ,James J Walker Park: Soccer-01",40.72974205,-74.00630704669005
Soccer - Non Regulation,2024-07-28T20:30:00.000,2024-07-28T23:00:00.000,James J Walker Park: Soccer-01,40.72974205,-74.00630704669005
Soccer - Non Regulation,2024-07-28T17:00:00.000,2024-07-28T19:00:00.000,James J Walker Park: Soccer-01,40.72974205,-74.00630704669005
Baseball - 12 and Under (Little League),2024-07-29T09:00:00.000,2024-07-29T17:00:00.000,James J Walker Park: Softball-01,40.72974205,-74.00630704669005
Soccer - Non Regulation,2024-07-29T10:00:00.000,2024-07-29T15:30:00.000,Wagner Playground: Soccer-01,40.7997949,-73.93487686769174
Celebration,2024-07-29T11:00:00.000,2024-07-29T12:00:00.000,Bryant Park: Le Carrousel,40.75375085,-73.98354279430387
Soccer - Non Regulation,2024-07-28T12:00:00.000,2024-07-28T21:00:00.000,"Tanahey Playground: Soccer-01 ,Robert Moses Playground: Soccer-01",40.71016515,-73.99516509020711
Soccer - Non Regulation,2024-07-28T13:00:00.000,2024-07-28T16:00:00.000,Tanahey Playground: Soccer-01,40.71016515,-73.99516509020711
Soccer - Non Regulation,2024-07-29T09:00:00.000,2024-07-29T15:00:00.000,Tanahey Playground: Soccer-01,40.71016515,-73.99516509020711
Soccer - Non Regulation,2024-07-29T09:00:00.000,2024-07-29T15:00:00.000,Tanahey Playground: Soccer-01,40.71016515,-73.99516509020711
Soccer - Non Regulation,2024-07-28T19:00:00.000,2024-07-28T21:00:00.000,James J Walker Park: Soccer-01,40.72974205,-74.00630704669005
Soccer - Non Regulation,2024-07-29T08:00:00.000,2024-07-29T21:30:00.000,Tanahey Playground: Soccer-01,40.71016515,-73.99516509020711
Soccer - Non Regulation,2024-07-28T17:00:00.000,2024-07-28T19:30:00.000,Wagner Playground: Soccer-01,40.7997949,-73.93487686769174
Soccer - Non Regulation,2024-07-28T13:30:00.000,2024-07-28T16:30:00.000,James J Walker Park: Soccer-01,40.72974205,-74.00630704669005
Soccer - Non Regulation,2024-07-28T18:00:00.000,2024-07-28T21:00:00.000,Tanahey Playground: Soccer-01,40.71016515,-73.99516509020711
Soccer - Non Regulation,2024-07-28T15:00:00.000,2024-07-28T19:00:00.000,Tanahey Playground: Soccer-01,40.71016515,-73.99516509020711
Basketball,2024-07-29T08:00:00.000,2024-07-29T20:00:00.000,St Nicholas Park: Arlington Edinboro Playground-Basketball-01,40.8172902,-73.94903635052356
Baseball - 12 and Under (Little League),2024-07-29T08:00:00.000,2024-07-29T19:00:00.000,"James J Walker Park: Softball-01 ,Corlears Hook Park: Softball-01",40.72974205,-74.00630704669005
Soccer - Non Regulation,2024-07-30T09:30:00.000,2024-07-30T11:00:00.000,James J Walker Park: Soccer-01B,40.72974205,-74.00630704669005
Tai Chi,2024-07-30T07:30:00.000,2024-07-30T08:30:00.000,Bryant Park: Fountain Terrace,40.75375085,-73.98354279430387
Softball - Adults,2024-07-29T19:00:00.000,2024-07-29T21:00:00.000,James J Walker Park: Softball-01,40.72974205,-74.00630704669005
Soccer - Non Regulation,2024-07-29T18:00:00.000,2024-07-29T20:00:00.000,Tanahey Playground: Soccer-01,40.71016515,-73.99516509020711
Basketball,2024-07-30T08:00:00.000,2024-07-30T20:00:00.000,St Nicholas Park: Arlington Edinboro Playground-Basketball-01,40.8172902,-73.94903635052356
Upper Terrace Yoga,2024-07-30T10:00:00.000,2024-07-30T11:00:00.000,Bryant Park: Upper Terrace,40.75375085,-73.98354279430387
Soccer - Non Regulation,2024-07-30T10:00:00.000,2024-07-30T15:30:00.000,Wagner Playground: Soccer-01,40.7997949,-73.93487686769174
Books For Broadway,2024-07-30T12:30:00.000,2024-07-30T13:30:00.000,Bryant Park: East 42nd Street Allee,40.75375085,-73.98354279430387
Soccer - Non Regulation,2024-07-29T18:00:00.000,2024-07-29T22:00:00.000,"James J Walker Park: Soccer-01 ,James J Walker Park: Soccer-01 ,James J Walker Park: Soccer-01",40.72974205,-74.00630704669005
Celebration,2024-07-29T12:30:00.000,2024-07-29T13:30:00.000,Bryant Park: East 42nd Street Allee,40.75375085,-73.98354279430387
Soccer - Non Regulation,2024-07-30T08:00:00.000,2024-07-30T21:30:00.000,Tanahey Playground: Soccer-01,40.71016515,-73.99516509020711
Baseball - 12 and Under (Little League),2024-07-30T08:00:00.000,2024-07-30T21:00:00.000,"James J Walker Park: Softball-01 ,James J Walker Park: Softball-01",40.72974205,-74.00630704669005
Movie Nights,2024-07-29T16:00:00.000,2024-07-29T23:00:00.000,Bryant Park: Lawn,40.75375085,-73.98354279430387
Soccer - Non Regulation,2024-07-30T09:00:00.000,2024-07-30T15:00:00.000,Tanahey Playground: Soccer-01,40.71016515,-73.99516509020711
StoryTime,2024-07-30T10:30:00.000,2024-07-30T11:30:00.000,Bryant Park: East 42nd Street Allee,40.75375085,-73.98354279430387
Soccer - Non Regulation,2024-07-30T09:00:00.000,2024-07-30T15:00:00.000,Tanahey Playground: Soccer-01,40.71016515,-73.99516509020711
Baseball - 12 and Under (Little League),2024-07-30T09:00:00.000,2024-07-30T17:00:00.000,James J Walker Park: Softball-01,40.72974205,-74.00630704669005
Soccer - Non Regulation,2024-07-29T20:30:00.000,2024-07-29T23:00:00.000,James J Walker Park: Soccer-01,40.72974205,-74.00630704669005
Celebration,2024-07-31T11:00:00.000,2024-07-31T12:00:00.000,Bryant Park: Le Carrousel,40.75375085,-73.98354279430387
Soccer - Non Regulation,2024-08-01T10:00:00.000,2024-08-01T15:30:00.000,Wagner Playground: Soccer-01,40.7997949,-73.93487686769174
Non-Fiction,2024-07-31T19:00:00.000,2024-07-31T20:30:00.000,Bryant Park: East 42nd Street Allee,40.75375085,-73.98354279430387
Soccer - Non Regulation,2024-07-30T17:30:00.000,2024-07-30T21:30:00.000,Tanahey Playground: Soccer-01,40.71016515,-73.99516509020711
Soccer - Non Regulation,2024-07-31T08:00:00.000,2024-07-31T21:30:00.000,Tanahey Playground: Soccer-01,40.71016515,-73.99516509020711
Soccer - Non Regulation,2024-07-31T08:00:00.000,2024-07-31T20:00:00.000,Tanahey Playground: Soccer-01,40.71016515,-73.99516509020711
Baseball - 12 and Under (Little League),2024-07-31T09:00:00.000,2024-07-31T17:00:00.000,James J Walker Park: Softball-01,40.72974205,-74.00630704669005
Soccer - Non Regulation,2024-07-31T10:00:00.000,2024-07-31T15:30:00.000,Wagner Playground: Soccer-01,40.7997949,-73.93487686769174
Soccer - Non Regulation,2024-07-31T09:00:00.000,2024-07-31T23:00:00.000,"James J Walker Park: Soccer-01 ,James J Walker Park: Soccer-01 ,James J Walker Park: Soccer-01",40.72974205,-74.00630704669005
Live After Dark,2024-07-30T20:00:00.000,2024-07-30T21:30:00.000,Bryant Park: SW Porch,40.75375085,-73.98354279430387
Soccer - Non Regulation,2024-07-30T18:00:00.000,2024-07-30T20:00:00.000,Wagner Playground: Soccer-01,40.7997949,-73.93487686769174
Soccer - Non Regulation,2024-07-31T14:30:00.000,2024-07-31T17:00:00.000,"James J Walker Park: Soccer-01 ,James J Walker Park: Soccer-01",40.72974205,-74.00630704669005
Soccer - Non Regulation,2024-08-01T08:00:00.000,2024-08-01T21:30:00.000,Tanahey Playground: Soccer-01,40.71016515,-73.99516509020711
Soccer - Non Regulation,2024-08-01T08:00:00.000,2024-08-01T21:30:00.000,Tanahey Playground: Soccer-01,40.71016515,-73.99516509020711
Soccer - Non Regulation,2024-07-31T09:00:00.000,2024-07-31T13:00:00.000,James J Walker Park: Soccer-01,40.72974205,-74.00630704669005
Soccer - Non Regulation,2024-07-31T09:00:00.000,2024-07-31T15:00:00.000,Tanahey Playground: Soccer-01,40.71016515,-73.99516509020711
Soccer - Non Regulation,2024-08-01T09:00:00.000,2024-08-01T15:00:00.000,Tanahey Playground: Soccer-01,40.71016515,-73.99516509020711
Soccer - Non Regulation,2024-08-01T09:00:00.000,2024-08-01T15:00:00.000,Tanahey Playground: Soccer-01,40.71016515,-73.99516509020711
Authors,2024-07-31T12:30:00.000,2024-07-31T13:30:00.000,Bryant Park: East 42nd Street Allee,40.75375085,-73.98354279430387
Lawn Yoga,2024-07-31T16:00:00.000,2024-07-31T20:00:00.000,Bryant Park: Lawn,40.75375085,-73.98354279430387
Soccer - Non Regulation,2024-07-31T09:00:00.000,2024-07-31T15:00:00.000,Tanahey Playground: Soccer-01,40.71016515,-73.99516509020711
Miscellaneous,2024-07-30T15:30:00.000,2024-07-30T17:00:00.000,Wagner Playground: Soccer-01,40.7997949,-73.93487686769174
KnittingWWKIP Day,2024-07-31T13:30:00.000,2024-07-31T15:00:00.000,Bryant Park: East 42nd Street Allee,40.75375085,-73.98354279430387
Baseball - 12 and Under (Little League),2024-07-31T08:00:00.000,2024-07-31T21:00:00.000,"James J Walker Park: Softball-01 ,James J Walker Park: Softball-01",40.72974205,-74.00630704669005
Soccer - Non Regulation,2024-07-30T18:00:00.000,2024-07-30T20:00:00.000,Tanahey Playground: Soccer-01,40.71016515,-73.99516509020711
Soccer - Non Regulation,2024-07-30T14:30:00.000,2024-07-30T17:00:00.000,"James J Walker Park: Soccer-01 ,James J Walker Park: Soccer-01",40.72974205,-74.00630704669005
Soccer -Regulation,2024-07-30T21:00:00.000,2024-07-30T23:00:00.000,James J Walker Park: Soccer-01,40.72974205,-74.00630704669005
Miscellaneous,2024-07-31T15:30:00.000,2024-07-31T17:00:00.000,Wagner Playground: Soccer-01,40.7997949,-73.93487686769174
Softball - Adults,2024-07-31T18:00:00.000,2024-07-31T20:30:00.000,Wagner Playground: Softball-01,40.7997949,-73.93487686769174
Basketball,2024-07-31T08:00:00.000,2024-07-31T20:00:00.000,St Nicholas Park: Arlington Edinboro Playground-Basketball-01,40.8172902,-73.94903635052356
Broadway in Bryant Park,2024-08-01T12:30:00.000,2024-08-01T13:30:00.000,Bryant Park: Lawn,40.75375085,-73.98354279430387
Basketball,2024-08-01T08:00:00.000,2024-08-01T20:00:00.000,St Nicholas Park: Arlington Edinboro Playground-Basketball-01,40.8172902,-73.94903635052356
Poetry,2024-07-30T18:00:00.000,2024-07-30T19:30:00.000,Bryant Park: East 42nd Street Allee,40.75375085,-73.98354279430387
Baseball - 12 and Under (Little League),2024-08-01T09:00:00.000,2024-08-01T17:00:00.000,James J Walker Park: Softball-01,40.72974205,-74.00630704669005
Live After Dark,2024-07-31T20:00:00.000,2024-07-31T21:30:00.000,Bryant Park: SW Porch,40.75375085,-73.98354279430387
Soccer - Non Regulation,2024-08-01T12:00:00.000,2024-08-01T21:00:00.000,"Tanahey Playground: Soccer-01 ,Robert Moses Playground: Soccer-01",40.71016515,-73.99516509020711
Celebration,2024-08-02T11:00:00.000,2024-08-02T12:00:00.000,Bryant Park: Le Carrousel,40.75375085,-73.98354279430387
Baseball - 12 and Under (Little League),2024-07-23T13:00:00.000,2024-07-23T15:30:00.000,James J Walker Park: Softball-01,40.72974205,-74.00630704669005
Miscellaneous,2024-08-01T15:30:00.000,2024-08-01T17:00:00.000,Wagner Playground: Soccer-01,40.7997949,-73.93487686769174
Softball (Little league),2024-08-01T16:00:00.000,2024-08-01T19:00:00.000,James J Walker Park: Softball-01,40.72974205,-74.00630704669005
Baseball - 12 and Under (Little League),2024-07-22T13:00:00.000,2024-07-22T15:30:00.000,James J Walker Park: Softball-01,40.72974205,-74.00630704669005
Soccer - Non Regulation,2024-08-02T09:00:00.000,2024-08-02T15:00:00.000,Tanahey Playground: Soccer-01,40.71016515,-73.99516509020711
Baseball - 12 and Under (Little League),2024-07-29T13:00:00.000,2024-07-29T15:30:00.000,James J Walker Park: Softball-01,40.72974205,-74.00630704669005
Basketball,2024-08-02T08:00:00.000,2024-08-02T20:00:00.000,St Nicholas Park: Arlington Edinboro Playground-Basketball-01,40.8172902,-73.94903635052356
Baseball - 12 and Under (Little League),2024-07-18T13:00:00.000,2024-07-18T15:30:00.000,James J Walker Park: Softball-01,40.72974205,-74.00630704669005
Soccer - Non Regulation,2024-08-01T18:00:00.000,2024-08-01T20:00:00.000,"Wagner Playground: Soccer-01 ,Wagner Playground: Soccer-01 ,Wagner Playground: Soccer-01",40.7997949,-73.93487686769174
Soccer - Non Regulation,2024-08-01T17:30:00.000,2024-08-01T21:30:00.000,Tanahey Playground: Soccer-01,40.71016515,-73.99516509020711
Baseball - 12 and Under (Little League),2024-07-09T13:00:00.000,2024-07-09T15:30:00.000,James J Walker Park: Softball-01,40.72974205,-74.00630704669005
Soccer -Regulation,2024-08-01T21:00:00.000,2024-08-01T23:00:00.000,James J Walker Park: Soccer-01,40.72974205,-74.00630704669005
Soccer - Non Regulation,2024-08-02T10:00:00.000,2024-08-02T15:30:00.000,Wagner Playground: Soccer-01,40.7997949,-73.93487686769174
Baseball - 12 and Under (Little League),2024-07-08T13:00:00.000,2024-07-08T15:30:00.000,James J Walker Park: Softball-01,40.72974205,-74.00630704669005
Baseball - 12 and Under (Little League),2024-07-11T13:00:00.000,2024-07-11T15:30:00.000,James J Walker Park: Softball-01,40.72974205,-74.00630704669005
Baseball - 12 and Under (Little League),2024-08-01T13:00:00.000,2024-08-01T15:30:00.000,James J Walker Park: Softball-01,40.72974205,-74.00630704669005
Baseball - 12 and Under (Little League),2024-07-25T13:00:00.000,2024-07-25T15:30:00.000,James J Walker Park: Softball-01,40.72974205,-74.00630704669005
Baseball - 12 and Under (Little League),2024-07-16T13:00:00.000,2024-07-16T15:30:00.000,James J Walker Park: Softball-01,40.72974205,-74.00630704669005
Soccer - Non Regulation,2024-08-02T09:00:00.000,2024-08-02T15:00:00.000,Tanahey Playground: Soccer-01,40.71016515,-73.99516509020711
Baseball - 12 and Under (Little League),2024-08-01T17:00:00.000,2024-08-01T20:30:00.000,James J Walker Park: Softball-01,40.72974205,-74.00630704669005
Boxing,2024-08-01T18:00:00.000,2024-08-01T19:00:00.000,Bryant Park: Fountain Terrace,40.75375085,-73.98354279430387
Baseball - 12 and Under (Little League),2024-08-02T09:00:00.000,2024-08-02T17:00:00.000,James J Walker Park: Softball-01,40.72974205,-74.00630704669005
Softball - Adults,2024-08-01T19:00:00.000,2024-08-01T21:00:00.000,James J Walker Park: Softball-01,40.72974205,-74.00630704669005
Baseball - 12 and Under (Little League),2024-07-15T13:00:00.000,2024-07-15T15:30:00.000,James J Walker Park: Softball-01,40.72974205,-74.00630704669005
Writers Workshop,2024-08-01T18:30:00.000,2024-08-01T20:00:00.000,Bryant Park: East 42nd Street Allee,40.75375085,-73.98354279430387
Soccer - Non Regulation,2024-08-01T18:00:00.000,2024-08-01T22:00:00.000,"James J Walker Park: Soccer-01 ,James J Walker Park: Soccer-01 ,James J Walker Park: Soccer-01",40.72974205,-74.00630704669005
Picnic Performances,2024-08-02T17:00:00.000,2024-08-02T22:00:00.000,Bryant Park: Lawn,40.75375085,-73.98354279430387
Baseball - 12 and Under (Little League),2024-07-30T13:00:00.000,2024-07-30T15:30:00.000,James J Walker Park: Softball-01,40.72974205,-74.00630704669005
Soccer - Non Regulation,2024-08-03T11:00:00.000,2024-08-03T13:00:00.000,Tanahey Playground: Soccer-01,40.71016515,-73.99516509020711
Softball - Adults,2024-08-02T18:00:00.000,2024-08-02T20:30:00.000,Wagner Playground: Softball-01,40.7997949,-73.93487686769174
Soccer - Non Regulation,2024-08-02T19:00:00.000,2024-08-02T21:30:00.000,Tanahey Playground: Soccer-01,40.71016515,-73.99516509020711
Softball (Little league),2024-08-03T08:00:00.000,2024-08-03T14:00:00.000,Wagner Playground: Softball-01,40.7997949,-73.93487686769174
Moves with Limon,2024-08-03T10:00:00.000,2024-08-03T11:00:00.000,Bryant Park: Lawn,40.75375085,-73.98354279430387
Soccer - Non Regulation,2024-08-03T10:00:00.000,2024-08-03T12:00:00.000,"Tanahey Playground: Soccer-01 ,Columbus Park: Soccer-01",40.71016515,-73.99516509020711
Soccer - Non Regulation,2024-08-03T08:00:00.000,2024-08-03T22:00:00.000,James J Walker Park: Soccer-01,40.72974205,-74.00630704669005
Celebration,2024-08-03T12:00:00.000,2024-08-03T16:00:00.000,Bryant Park: Fountain Terrace,40.75375085,-73.98354279430387
Basketball,2024-08-03T10:00:00.000,2024-08-03T12:00:00.000,"Tanahey Playground: Basketball-02 ,Tanahey Playground: Basketball-03",40.71016515,-73.99516509020711
Miscellaneous,2024-08-02T15:30:00.000,2024-08-02T17:00:00.000,Wagner Playground: Soccer-01,40.7997949,-73.93487686769174
Miscellaneous,2024-08-02T19:00:00.000,2024-08-02T23:00:00.000,"James J Walker Park: Soccer-01 ,James J Walker Park: Soccer-01 ,James J Walker Park: Soccer-01",40.72974205,-74.00630704669005
Baseball - 12 and Under (Little League),2024-08-02T17:00:00.000,2024-08-02T20:30:00.000,James J Walker Park: Softball-01,40.72974205,-74.00630704669005
Soccer - Non Regulation,2024-08-02T18:00:00.000,2024-08-02T21:00:00.000,James J Walker Park: Soccer-01,40.72974205,-74.00630704669005
Soccer - Non Regulation,2024-08-03T08:00:00.000,2024-08-03T11:00:00.000,"James J Walker Park: Soccer-01 ,Frederick Douglass Playground: Soccer-01 ,James J Walker Park: Soccer-01",40.72974205,-74.00630704669005
Celebration,2024-08-03T12:00:00.000,2024-08-03T13:30:00.000,Bryant Park: East 42nd Street Allee,40.75375085,-73.98354279430387
Basketball,2024-08-03T08:00:00.000,2024-08-03T20:00:00.000,St Nicholas Park: Arlington Edinboro Playground-Basketball-01,40.8172902,-73.94903635052356
Soccer - Non Regulation,2024-08-02T17:30:00.000,2024-08-02T21:30:00.000,Tanahey Playground: Soccer-01,40.71016515,-73.99516509020711
Soccer - Non Regulation,2024-08-02T18:00:00.000,2024-08-02T20:00:00.000,"Wagner Playground: Soccer-01 ,Wagner Playground: Soccer-01 ,Wagner Playground: Soccer-01",40.7997949,-73.93487686769174
Soccer - Non Regulation,2024-08-03T09:00:00.000,2024-08-03T22:00:00.000,James J Walker Park: Soccer-01,40.72974205,-74.00630704669005
Softball - Adults,2024-07-10T17:00:00.000,2024-07-10T19:30:00.000,Wagner Playground: Softball-01,40.7997949,-73.93487686769174
Soccer - Non Regulation,2024-08-03T12:00:00.000,2024-08-03T21:00:00.000,"Tanahey Playground: Soccer-01 ,Robert Moses Playground: Soccer-01",40.71016515,-73.99516509020711
Soccer - Non Regulation,2024-08-03T13:00:00.000,2024-08-03T16:00:00.000,Tanahey Playground: Soccer-01,40.71016515,-73.99516509020711
Softball - Adults,2024-08-03T18:00:00.000,2024-08-03T21:00:00.000,"James J Walker Park: Softball-01 ,James J Walker Park: Softball-01 ,James J Walker Park: Softball-01",40.72974205,-74.00630704669005
Soccer - Non Regulation,2024-08-04T09:00:00.000,2024-08-04T23:00:00.000,"James J Walker Park: Soccer-01 ,James J Walker Park: Soccer-01 ,James J Walker Park: Soccer-01",40.72974205,-74.00630704669005
Celebration,2024-08-04T12:00:00.000,2024-08-04T13:30:00.000,Bryant Park: East 42nd Street Allee,40.75375085,-73.98354279430387
Softball - Adults,2024-07-24T17:00:00.000,2024-07-24T19:30:00.000,Wagner Playground: Softball-01,40.7997949,-73.93487686769174
Soccer - Non Regulation,2024-08-03T13:00:00.000,2024-08-03T16:00:00.000,Tanahey Playground: Soccer-01,40.71016515,-73.99516509020711
Chess Tournaments,2024-08-04T10:00:00.000,2024-08-04T17:00:00.000,Bryant Park: Fountain Terrace,40.75375085,-73.98354279430387
Soccer - Non Regulation,2024-08-04T09:00:00.000,2024-08-04T13:00:00.000,Tanahey Playground: Soccer-01,40.71016515,-73.99516509020711
Softball (Little league),2024-08-04T08:00:00.000,2024-08-04T12:30:00.000,Wagner Playground: Softball-01,40.7997949,-73.93487686769174
Basketball,2024-08-04T08:00:00.000,2024-08-04T20:00:00.000,St Nicholas Park: Arlington Edinboro Playground-Basketball-01,40.8172902,-73.94903635052356
Soccer - Non Regulation,2024-08-04T10:30:00.000,2024-08-04T13:00:00.000,Tanahey Playground: Soccer-01,40.71016515,-73.99516509020711
Soccer - Non Regulation,2024-08-03T17:00:00.000,2024-08-03T19:00:00.000,James J Walker Park: Soccer-01,40.72974205,-74.00630704669005
Softball - Adults,2024-08-03T18:00:00.000,2024-08-03T22:00:00.000,James J Walker Park: Softball-01,40.72974205,-74.00630704669005
Softball - Adults,2024-07-31T17:00:00.000,2024-07-31T19:30:00.000,Wagner Playground: Softball-01,40.7997949,-73.93487686769174
Soccer - Non Regulation,2024-08-04T08:00:00.000,2024-08-04T11:00:00.000,"James J Walker Park: Soccer-01 ,Frederick Douglass Playground: Soccer-01 ,James J Walker Park: Soccer-01",40.72974205,-74.00630704669005
Softball - Adults,2024-07-17T17:00:00.000,2024-07-17T19:30:00.000,Wagner Playground: Softball-01,40.7997949,-73.93487686769174
Soccer - Non Regulation,2024-08-04T12:00:00.000,2024-08-04T21:00:00.000,"Tanahey Playground: Soccer-01 ,Robert Moses Playground: Soccer-01",40.71016515,-73.99516509020711
Soccer - Non Regulation,2024-08-05T09:00:00.000,2024-08-05T15:00:00.000,Tanahey Playground: Soccer-01,40.71016515,-73.99516509020711
Soccer - Non Regulation,2024-08-05T10:00:00.000,2024-08-05T15:30:00.000,Wagner Playground: Soccer-01,40.7997949,-73.93487686769174
Soccer - Non Regulation,2024-08-04T17:00:00.000,2024-08-04T19:30:00.000,Wagner Playground: Soccer-01,40.7997949,-73.93487686769174
Celebration,2024-08-05T11:00:00.000,2024-08-05T12:00:00.000,Bryant Park: Le Carrousel,40.75375085,-73.98354279430387
Basketball,2024-08-05T08:00:00.000,2024-08-05T20:00:00.000,St Nicholas Park: Arlington Edinboro Playground-Basketball-01,40.8172902,-73.94903635052356
Soccer - Non Regulation,2024-08-05T08:00:00.000,2024-08-05T21:30:00.000,Tanahey Playground: Soccer-01,40.71016515,-73.99516509020711
Soccer - Non Regulation,2024-08-04T13:30:00.000,2024-08-04T16:30:00.000,James J Walker Park: Soccer-01,40.72974205,-74.00630704669005
Soccer - Non Regulation,2024-08-04T19:00:00.000,2024-08-04T21:00:00.000,James J Walker Park: Soccer-01,40.72974205,-74.00630704669005
Soccer - Non Regulation,2024-08-05T09:00:00.000,2024-08-05T15:00:00.000,Tanahey Playground: Soccer-01,40.71016515,-73.99516509020711
Soccer - Non Regulation,2024-08-04T15:00:00.000,2024-08-04T19:00:00.000,Tanahey Playground: Soccer-01,40.71016515,-73.99516509020711
Soccer - Non Regulation,2024-08-04T20:30:00.000,2024-08-04T23:00:00.000,James J Walker Park: Soccer-01,40.72974205,-74.00630704669005
Soccer - Non Regulation,2024-08-04T18:00:00.000,2024-08-04T21:00:00.000,Tanahey Playground: Soccer-01,40.71016515,-73.99516509020711
Soccer - Non Regulation,2024-08-04T17:00:00.000,2024-08-04T19:00:00.000,James J Walker Park: Soccer-01,40.72974205,-74.00630704669005
Soccer - Non Regulation,2024-08-04T13:00:00.000,2024-08-04T16:00:00.000,Tanahey Playground: Soccer-01,40.71016515,-73.99516509020711
Soccer - Non Regulation,2024-07-31T10:00:00.000,2024-07-31T20:00:00.000,"James J Walker Park: Soccer-01 ,Marx Brothers Playground: Soccer-01 ,Riverside Park: 101st St-Soccer-04 C",40.72974205,-74.00630704669005
Soccer - Non Regulation,2024-07-12T10:00:00.000,2024-07-12T20:00:00.000,"James J Walker Park: Soccer-01 ,Marx Brothers Playground: Soccer-01 ,Riverside Park: 101st St-Soccer-04 C",40.72974205,-74.00630704669005
Celebration,2024-08-05T12:30:00.000,2024-08-05T13:30:00.000,Bryant Park: East 42nd Street Allee,40.75375085,-73.98354279430387
Soccer - Non Regulation,2024-07-19T10:00:00.000,2024-07-19T20:00:00.000,"James J Walker Park: Soccer-01 ,Marx Brothers Playground: Soccer-01 ,Riverside Park: 101st St-Soccer-04 C",40.72974205,-74.00630704669005
Soccer - Non Regulation,2024-07-26T10:00:00.000,2024-07-26T20:00:00.000,"James J Walker Park: Soccer-01 ,Marx Brothers Playground: Soccer-01 ,Riverside Park: 101st St-Soccer-04 C",40.72974205,-74.00630704669005
Soccer - Non Regulation,2024-07-18T10:00:00.000,2024-07-18T20:00:00.000,"James J Walker Park: Soccer-01 ,Marx Brothers Playground: Soccer-01 ,Riverside Park: 101st St-Soccer-04 C",40.72974205,-74.00630704669005
Soccer - Non Regulation,2024-07-29T10:00:00.000,2024-07-29T20:00:00.000,"James J Walker Park: Soccer-01 ,Marx Brothers Playground: Soccer-01 ,Riverside Park: 101st St-Soccer-04 C",40.72974205,-74.00630704669005
Soccer - Non Regulation,2024-08-05T10:00:00.000,2024-08-05T20:00:00.000,"James J Walker Park: Soccer-01 ,Marx Brothers Playground: Soccer-01 ,Riverside Park: 101st St-Soccer-04 C",40.72974205,-74.00630704669005
Soccer - Non Regulation,2024-07-13T10:00:00.000,2024-07-13T20:00:00.000,"James J Walker Park: Soccer-01 ,Marx Brothers Playground: Soccer-01 ,Riverside Park: 101st St-Soccer-04 C",40.72974205,-74.00630704669005
Soccer - Non Regulation,2024-07-24T10:00:00.000,2024-07-24T20:00:00.000,"James J Walker Park: Soccer-01 ,Marx Brothers Playground: Soccer-01 ,Riverside Park: 101st St-Soccer-04 C",40.72974205,-74.00630704669005
Soccer - Non Regulation,2024-07-25T10:00:00.000,2024-07-25T20:00:00.000,"James J Walker Park: Soccer-01 ,Marx Brothers Playground: Soccer-01 ,Riverside Park: 101st St-Soccer-04 C",40.72974205,-74.00630704669005
Baseball - 12 and Under (Little League),2024-08-05T13:00:00.000,2024-08-05T15:30:00.000,James J Walker Park: Softball-01,40.72974205,-74.00630704669005
Soccer - Non Regulation,2024-07-17T10:00:00.000,2024-07-17T20:00:00.000,"James J Walker Park: Soccer-01 ,Marx Brothers Playground: Soccer-01 ,Riverside Park: 101st St-Soccer-04 C",40.72974205,-74.00630704669005
Soccer - Non Regulation,2024-08-02T10:00:00.000,2024-08-02T20:00:00.000,"James J Walker Park: Soccer-01 ,Marx Brothers Playground: Soccer-01 ,Riverside Park: 101st St-Soccer-04 C",40.72974205,-74.00630704669005
Soccer - Non Regulation,2024-08-05T18:00:00.000,2024-08-05T20:00:00.000,"Wagner Playground: Soccer-01 ,Wagner Playground: Soccer-01 ,Wagner Playground: Soccer-01",40.7997949,-73.93487686769174
Soccer - Non Regulation,2024-07-09T10:00:00.000,2024-07-09T20:00:00.000,"James J Walker Park: Soccer-01 ,Marx Brothers Playground: Soccer-01 ,Riverside Park: 101st St-Soccer-04 C",40.72974205,-74.00630704669005
Soccer - Non Regulation,2024-07-08T10:00:00.000,2024-07-08T20:00:00.000,"James J Walker Park: Soccer-01 ,Marx Brothers Playground: Soccer-01 ,Riverside Park: 101st St-Soccer-04 C",40.72974205,-74.00630704669005
Soccer - Non Regulation,2024-08-05T18:00:00.000,2024-08-05T20:00:00.000,Tanahey Playground: Soccer-01,40.71016515,-73.99516509020711
Soccer - Non Regulation,2024-07-30T10:00:00.000,2024-07-30T20:00:00.000,"James J Walker Park: Soccer-01 ,Marx Brothers Playground: Soccer-01 ,Riverside Park: 101st St-Soccer-04 C",40.72974205,-74.00630704669005
Soccer - Non Regulation,2024-07-11T10:00:00.000,2024-07-11T20:00:00.000,"James J Walker Park: Soccer-01 ,Marx Brothers Playground: Soccer-01 ,Riverside Park: 101st St-Soccer-04 C",40.72974205,-74.00630704669005
Soccer - Non Regulation,2024-07-20T10:00:00.000,2024-07-20T20:00:00.000,"James J Walker Park: Soccer-01 ,Marx Brothers Playground: Soccer-01 ,Riverside Park: 101st St-Soccer-04 C",40.72974205,-74.00630704669005
Soccer - Non Regulation,2024-08-05T20:30:00.000,2024-08-05T23:00:00.000,James J Walker Park: Soccer-01,40.72974205,-74.00630704669005
Soccer - Non Regulation,2024-07-10T10:00:00.000,2024-07-10T20:00:00.000,"James J Walker Park: Soccer-01 ,Marx Brothers Playground: Soccer-01 ,Riverside Park: 101st St-Soccer-04 C",40.72974205,-74.00630704669005
Soccer - Non Regulation,2024-08-03T10:00:00.000,2024-08-03T20:00:00.000,"James J Walker Park: Soccer-01 ,Marx Brothers Playground: Soccer-01 ,Riverside Park: 101st St-Soccer-04 C",40.72974205,-74.00630704669005
Soccer - Non Regulation,2024-07-27T10:00:00.000,2024-07-27T20:00:00.000,"James J Walker Park: Soccer-01 ,Marx Brothers Playground: Soccer-01 ,Riverside Park: 101st St-Soccer-04 C",40.72974205,-74.00630704669005
Softball - Adults,2024-08-05T19:00:00.000,2024-08-05T21:00:00.000,James J Walker Park: Softball-01,40.72974205,-74.00630704669005
Movie Nights,2024-08-05T16:00:00.000,2024-08-05T23:00:00.000,Bryant Park: Lawn,40.75375085,-73.98354279430387
Soccer - Non Regulation,2024-08-05T18:00:00.000,2024-08-05T22:00:00.000,"James J Walker Park: Soccer-01 ,James J Walker Park: Soccer-01 ,James J Walker Park: Soccer-01",40.72974205,-74.00630704669005
Soccer - Non Regulation,2024-07-15T10:00:00.000,2024-07-15T20:00:00.000,"James J Walker Park: Soccer-01 ,Marx Brothers Playground: Soccer-01 ,Riverside Park: 101st St-Soccer-04 C",40.72974205,-74.00630704669005
Soccer - Non Regulation,2024-07-22T10:00:00.000,2024-07-22T20:00:00.000,"James J Walker Park: Soccer-01 ,Marx Brothers Playground: Soccer-01 ,Riverside Park: 101st St-Soccer-04 C",40.72974205,-74.00630704669005
Soccer - Non Regulation,2024-08-01T10:00:00.000,2024-08-01T20:00:00.000,"James J Walker Park: Soccer-01 ,Marx Brothers Playground: Soccer-01 ,Riverside Park: 101st St-Soccer-04 C",40.72974205,-74.00630704669005
Soccer - Non Regulation,2024-07-23T10:00:00.000,2024-07-23T20:00:00.000,"James J Walker Park: Soccer-01 ,Marx Brothers Playground: Soccer-01 ,Riverside Park: 101st St-Soccer-04 C",40.72974205,-74.00630704669005
Soccer - Non Regulation,2024-07-16T10:00:00.000,2024-07-16T20:00:00.000,"James J Walker Park: Soccer-01 ,Marx Brothers Playground: Soccer-01 ,Riverside Park: 101st St-Soccer-04 C",40.72974205,-74.00630704669005
Basketball,2024-07-16T09:00:00.000,2024-07-16T20:00:00.000,"Hamilton Fish Park: Basketball-01 ,Hamilton Fish Park: Basketball-02",40.71979385,-73.98083391710483
Harry Potter and the Cursed Child,2024-07-06 19:00:00,2024-07-06 19:00:00,Lyric Theatre - NY,40.7593,-73.990196
Harry Potter and the Cursed Child,2024-07-05 13:00:00,2024-07-05 13:00:00,Lyric Theatre - NY,40.7593,-73.990196
Harry Potter and the Cursed Child,2024-07-03 19:00:00,2024-07-03 19:00:00,Lyric Theatre - NY,40.7593,-73.990196
Harry Potter and the Cursed Child,2024-07-06 13:00:00,2024-07-06 13:00:00,Lyric Theatre - NY,40.7593,-73.990196
Harry Potter and the Cursed Child,2024-07-05 19:00:00,2024-07-05 19:00:00,Lyric Theatre - NY,40.7593,-73.990196
Harry Potter and the Cursed Child,2024-07-10 13:00:00,2024-07-10 13:00:00,Lyric Theatre - NY,40.7593,-73.990196
Harry Potter and the Cursed Child,2024-07-07 15:00:00,2024-07-07 15:00:00,Lyric Theatre - NY,40.7593,-73.990196
Harry Potter and the Cursed Child,2024-07-09 19:00:00,2024-07-09 19:00:00,Lyric Theatre - NY,40.7593,-73.990196
Hamilton (NY),2024-07-03 19:00:00,2024-07-03 19:00:00,Richard Rodgers Theatre,40.75920382,-73.98676323
Hamilton,2024-07-03 19:00:00,2024-07-03 19:00:00,Richard Rodgers Theatre-NY,40.7593,-73.990196
Hamilton (NY),2024-07-05 19:00:00,2024-07-05 19:00:00,Richard Rodgers Theatre,40.75920382,-73.98676323
Hamilton,2024-07-05 19:00:00,2024-07-05 19:00:00,Richard Rodgers Theatre-NY,40.7593,-73.990196
Hamilton (NY),2024-07-06 19:00:00,2024-07-06 19:00:00,Richard Rodgers Theatre,40.75920382,-73.98676323
Hamilton (NY),2024-07-06 13:00:00,2024-07-06 13:00:00,Richard Rodgers Theatre,40.75920382,-73.98676323
Hamilton,2024-07-06 19:00:00,2024-07-06 19:00:00,Richard Rodgers Theatre-NY,40.7593,-73.990196
Hamilton,2024-07-06 13:00:00,2024-07-06 13:00:00,Richard Rodgers Theatre-NY,40.7593,-73.990196
Hamilton (NY),2024-07-07 13:00:00,2024-07-07 13:00:00,Richard Rodgers Theatre,40.75920382,-73.98676323
Hamilton (NY),2024-07-07 19:00:00,2024-07-07 19:00:00,Richard Rodgers Theatre,40.75920382,-73.98676323
Hamilton,2024-07-07 19:00:00,2024-07-07 19:00:00,Richard Rodgers Theatre-NY,40.7593,-73.990196
Hamilton,2024-07-07 13:00:00,2024-07-07 13:00:00,Richard Rodgers Theatre-NY,40.7593,-73.990196
